participant_code,batch_id,condition,order_index,n,view_duration_ms,readability,stability,immediate_comfort,observed_base_cycle_hz,observed_full_cycle_hz,dropped_frame_rate
P001,july,n3_mask_noise,0,3,25180,4,3,3,78.78749938049903,78.78749938049903,0.015000815261699005
P001,july,n4_mask_noise,1,4,16599,4,4,3,58.531670260329825,58.531670260329825,0.0242409402546523
P001,july,n2_mask_noise,2,2,15113,5,5,4,117.76162035834848,117.76162035834848,0.0183982683982684
P001,july,n4_mask_only,3,4,15351,2,3,2,59.40444026025074,59.40444026025074,0.009940891993551854
P001,july,control_anchor,4,1,10814,5,5,5,240.0029607150137,240.0029607150137,0
P001,july,deployed_full,5,4,11278,2,1,1,47.08871332614067,37.67097066091254,0.2138291690877397
P002,july,n4_mask_noise,0,4,17397,4,4,5,59.68586986364048,59.68586986364048,0.005243088655862726
P002,july,n4_mask_only,1,4,13983,5,3,4,59.91102605665494,59.91102605665494,0.001487652484379649
P002,july,n3_mask_noise,2,3,11794,5,5,4,79.60677458994473,79.60677458994473,0.00492091388400703
P002,july,deployed_full,3,4,12166,4,3,4,58.20631236390615,46.56504989112492,0.029587765957446808
P002,july,n2_mask_noise,4,2,11002,5,5,5,119.72763210387023,119.72763210387023,0.0022667170381564035
P002,july,control_anchor,5,1,10871,5,5,5,240.00294369267826,240.00294369267826,0
P003,july,n4_mask_noise,0,4,15193,5,2,4,59.67301738976771,59.67301738976771,0.00545404963185165
P003,july,n4_mask_only,1,4,28047,5,4,4,59.9647266313933,59.9647266313933,0.0005938242280285036
P003,july,n3_mask_noise,2,3,14387,5,5,5,79.70076447201122,79.70076447201122,0.0037496394577444477
P003,july,deployed_full,3,4,15009,5,3,4,58.52152721364744,46.81722177091795,0.02437703141928494
P003,july,n2_mask_noise,4,2,10370,5,5,5,119.7599030377654,119.7599030377654,0.002004008016032064
P003,july,control_anchor,5,1,10582,5,5,5,240.00378107571603,240.00378107571603,0
P004,july,n4_mask_only,0,4,12906,5,4,4,59.76864249168492,59.76864249168492,0.0038585209003215433
P004,july,deployed_full,1,4,10748,5,4,4,58.108631609293965,46.48690528743517,0.031167855801727377
P004,july,n4_mask_noise,2,4,11229,5,5,5,59.80118049083566,59.80118049083566,0.0033284023668639054
P004,july,control_anchor,3,1,10575,5,4,5,240.00302723566057,240.00302723566057,0
P004,july,n3_mask_noise,4,3,10641,5,5,5,79.56460652280265,79.56460652280265,0.005451713395638629
P004,july,n2_mask_noise,5,2,11073,5,4,5,119.10416461288919,119.10416461288919,0.0074682598954443615
P005,july,n4_mask_only,0,4,18961,4,5,4,59.84283858344338,59.84283858344338,0.0026298487836949377
P005,july,deployed_full,1,4,16646,4,2,3,58.76451829275472,47.01161463420378,0.020353114271701816
P005,july,n4_mask_noise,2,4,15393,4,5,3,59.80628912901298,59.80628912901298,0.0032371189641219314
P005,july,control_anchor,3,1,10599,5,5,5,240.00302009305764,240.00302009305764,0
P005,july,n3_mask_noise,4,3,16148,3,5,3,79.56987922868984,79.56987922868984,0.005388760585065435
P005,july,n2_mask_noise,5,2,11328,4,5,3,119.56168045942692,119.56168045942692,0.003664345914254306
P006,july,deployed_full,0,4,16203,5,3,5,58.569388456046006,46.85551076483681,0.023606228026117528
P006,july,control_anchor,1,1,10543,5,5,5,240.00227760168488,240.00227760168488,0
P006,july,n4_mask_only,2,4,12302,5,5,4,59.8990661181834,59.8990661181834,0.0016903313049357674
P006,july,n2_mask_noise,3,2,10957,5,5,5,119.23111796173723,119.23111796173723,0.006422364941443143
P006,july,n4_mask_noise,4,4,10471,5,5,5,59.71609911827276,59.71609911827276,0.004750593824228029
P006,july,n3_mask_noise,5,3,13255,5,5,5,79.37755226769814,79.37755226769814,0.0077954474586841285
P007,july,deployed_full,0,4,33343,4,4,4,59.3039456911629,47.44315655293032,0.011488573193329216
P007,july,control_anchor,1,1,10983,5,5,5,240.00364331906366,240.00364331906366,0
P007,july,n4_mask_only,2,4,19430,3,5,4,59.936348959886516,59.936348959886516,0.0010711225364181663
P007,july,n2_mask_noise,3,2,12471,4,5,4,119.32384483514731,119.32384483514731,0.005647840531561462
P007,july,n4_mask_noise,4,4,14311,3,5,3,59.791955327489134,59.791955327489134,0.0034812880765883376
P007,july,n3_mask_noise,5,3,12705,3,5,3,79.34959349593497,79.34959349593497,0.008130081300813009
P008,july,control_anchor,0,1,13454,5,5,5,240.00297309350375,240.00297309350375,0
P008,july,n2_mask_noise,1,2,14941,4,5,5,119.46870233075555,119.46870233075555,0.004440743824590619
P008,july,deployed_full,2,4,12733,3,2,1,58.358031103914065,46.68642488313125,0.027061445399554282
P008,july,n3_mask_noise,3,3,12619,3,5,4,79.65874812950516,79.65874812950516,0.004273504273504274
P008,july,n4_mask_only,4,4,18949,3,3,2,59.85565154219108,59.85565154219108,0.002412809826716385
P008,july,n4_mask_noise,5,4,16938,2,2,1,59.83846851195584,59.83846851195584,0.002698062300711307
P009,july,control_anchor,0,1,12230,5,5,5,240.00523350424064,240.00523350424064,0
P009,july,n2_mask_noise,1,2,12908,5,5,5,119.34571734557834,119.34571734557834,0.005457463884430177
P009,july,deployed_full,2,4,10051,5,4,4,58.00475196475459,46.40380157180367,0.03287890938251804
P009,july,n3_mask_noise,3,3,10167,5,5,5,79.67516295708778,79.67516295708778,0.004079967360261118
P009,july,n4_mask_only,4,4,12644,5,5,5,59.784107473505884,59.784107473505884,0.0036112934996717005
P009,july,n4_mask_noise,5,4,10481,5,5,5,59.73976635957831,59.73976635957831,0.004352987732489117
P010,july,n2_mask_noise,0,2,28563,4,5,3,119.70444037824946,119.70444037824946,0.002473446820893351
P010,july,n3_mask_noise,1,3,10419,4,5,3,79.58631662688943,79.58631662688943,0.005171042163882259
P010,july,control_anchor,2,1,10959,5,5,3,240.00292018762306,240.00292018762306,0
P010,july,n4_mask_noise,3,4,17240,3,5,3,59.841194568460864,59.841194568460864,0.002650602409638554
P010,july,deployed_full,4,4,12088,3,3,3,58.42910333489139,46.74328266791311,0.02586496472959355
P010,july,n4_mask_only,5,4,12515,4,5,3,59.76159024716295,59.76159024716295,0.003978779840848806
P011,july,n2_mask_noise,0,2,15171,5,5,5,119.44362431519208,119.44362431519208,0.004647348277747403
P011,july,n3_mask_noise,1,3,11052,5,5,5,79.61014136576561,79.61014136576561,0.004876219054763691
P011,july,control_anchor,2,1,13543,5,5,5,240.00118154427878,240.00118154427878,0
P011,july,n4_mask_noise,3,4,10643,3,5,3,59.6968195964447,59.6968195964447,0.0050623052959501555
P011,july,deployed_full,4,4,10773,3,2,3,57.938856015779095,46.35108481262328,0.034005979073243646
P011,july,n4_mask_only,5,4,11339,4,4,4,59.91266221760485,59.91266221760485,0.001467351430667645
P012,july,n3_mask_noise,0,3,11182,5,5,5,79.40875389795222,79.40875389795222,0.0073964497041420114
P012,july,n4_mask_noise,1,4,10291,5,5,4,59.63816456368313,59.63816456368313,0.006033789219629927
P012,july,n2_mask_noise,2,2,10450,5,5,5,119.66765873015892,119.66765873015892,0.0027821939586645467
P012,july,n4_mask_only,3,4,10334,4,5,4,59.903806221689756,59.903806221689756,0.0016096579476861167
P012,july,control_anchor,4,1,10190,5,5,5,239.99999999999997,239.99999999999997,0
P012,july,deployed_full,5,4,11288,3,3,3,58.13404724517534,46.507237796140274,0.030758226037195996
P013,july,n3_mask_noise,0,3,31040,4,5,4,79.78632258948922,79.78632258948922,0.002677376171352075
P013,july,n4_mask_noise,1,4,17277,4,5,3,59.784332381858555,59.784332381858555,0.0036040365209034117
P013,july,n2_mask_noise,2,2,10329,5,5,5,119.61630140026841,119.61630140026841,0.003216726980297547
P013,july,n4_mask_only,3,4,17946,4,5,4,59.917309383103586,59.917309383103586,0.0013911430558775793
P013,july,control_anchor,4,1,10606,5,5,5,240.00150885034955,240.00150885034955,0
P013,july,deployed_full,5,4,15180,2,1,3,58.537886530019385,46.83030922401551,0.02410929547281007
P014,july,n4_mask_noise,0,4,10808,5,5,5,59.54184455768259,59.54184455768259,0.0076511094108645756
P014,july,n4_mask_only,1,4,11615,5,5,5,59.91472681635328,59.91472681635328,0.0014326647564469914
P014,july,n3_mask_noise,2,3,10321,5,5,5,79.55158332691262,79.55158332691262,0.0056179775280898875
P014,july,deployed_full,3,4,15629,5,4,5,58.59472631842039,46.875781054736315,0.023177083333333334
P014,july,n2_mask_noise,4,2,10505,5,5,5,119.71583516159968,119.71583516159968,0.002374356944994064
P014,july,control_anchor,5,1,10407,5,5,5,240.0015378552678,240.0015378552678,0
P015,july,n4_mask_noise,0,4,42304,5,5,4,59.929687536891876,59.929687536891876,0.0011805213969503198
P015,july,n4_mask_only,1,4,14475,4,4,4,59.811083036718564,59.811083036718564,0.003155479059093517
P015,july,n3_mask_noise,2,3,13664,4,4,4,79.70819025956627,79.70819025956627,0.0036452004860267314
P015,july,deployed_full,3,4,16137,3,2,2,58.53363567649282,46.82690854119426,0.024193548387096774
P015,july,n2_mask_noise,4,2,10645,5,5,5,119.20869686931367,119.20869686931367,0.006609642301710731
P015,july,control_anchor,5,1,10615,5,5,5,240.00226150540036,240.00226150540036,0
P016,july,n4_mask_only,0,4,12404,5,5,5,59.77959662326607,59.77959662326607,0.003681392235609103
P016,july,deployed_full,1,4,10473,5,5,5,58.01444243342085,46.411553946736674,0.032717474980754425
P016,july,n4_mask_noise,2,4,10709,5,5,5,59.791253872129076,59.791253872129076,0.0034883720930232558
P016,july,control_anchor,3,1,10606,5,5,5,240.002264172303,240.002264172303,0
P016,july,n3_mask_noise,4,3,12567,5,5,5,79.68390554142526,79.68390554142526,0.003961703532518983
P016,july,n2_mask_noise,5,2,11902,5,5,5,119.33303816819391,119.33303816819391,0.005569091541942221
P017,july,n4_mask_only,0,4,10418,5,5,5,59.737641641029526,59.737641641029526,0.004378980891719745
P017,july,deployed_full,1,4,10686,5,5,5,58.05373988303253,46.44299190642602,0.03207547169811321
P017,july,n4_mask_noise,2,4,10308,5,5,5,59.78271375824013,59.78271375824013,0.003624647603705195
P017,july,control_anchor,3,1,12566,5,5,5,240.00318306608844,240.00318306608844,0
P017,july,n3_mask_noise,4,3,12023,4,4,4,79.61467161016941,79.61467161016941,0.004827586206896552
P017,july,n2_mask_noise,5,2,12499,4,4,4,119.24541501379295,119.24541501379295,0.006293474660483604
P018,july,deployed_full,0,4,16445,5,5,5,58.57577898217345,46.86062318573876,0.023503216229589313
P018,july,control_anchor,1,1,10806,5,5,5,240.0022222427987,240.0022222427987,0
P018,july,n4_mask_only,2,4,10518,5,5,5,59.88180162404186,59.88180162404186,0.001976284584980237
P018,july,n2_mask_noise,3,2,10783,5,5,5,119.26377201633233,119.26377201633233,0.006144393241167435
P018,july,n4_mask_noise,4,4,10487,5,5,5,59.69151085688261,59.69151085688261,0.005138339920948616
P018,july,n3_mask_noise,5,3,10510,5,5,5,79.65372885529722,79.65372885529722,0.004340962904498816
P019,july,deployed_full,0,4,21788,5,2,3,58.9192209594708,47.13537676757664,0.01784037558685446
P019,july,control_anchor,1,1,10782,5,5,5,240.0014843539812,240.0014843539812,0
P019,july,n4_mask_only,2,4,11270,5,5,4,59.9123234291281,59.9123234291281,0.0014760147601476014
P019,july,n2_mask_noise,3,2,10461,5,5,5,119.24096076587735,119.24096076587735,0.006331618519984171
P019,july,n4_mask_noise,4,4,10601,5,5,5,59.718793703832134,59.718793703832134,0.004692999608916699
P019,july,n3_mask_noise,5,3,11423,5,5,5,79.6521102580413,79.6521102580413,0.004357298474945534
P020,july,control_anchor,0,1,16398,1,5,5,240.00341555051347,240.00341555051347,0
P020,july,n2_mask_noise,1,2,11591,5,5,5,119.31618359767022,119.31618359767022,0.005718370264474625
P020,july,deployed_full,2,4,10394,5,3,5,58.090242516281165,46.47219401302493,0.03145631067961165
P020,july,n3_mask_noise,3,3,10325,5,5,5,79.71126379989174,79.71126379989174,0.0036188178528347406
P020,july,n4_mask_only,4,4,10241,5,5,5,59.85414962807188,59.85414962807188,0.002434077079107505
P020,july,n4_mask_noise,5,4,14784,5,5,5,59.680760900273185,59.680760900273185,0.005325112107623318
P021,july,n2_mask_noise,0,2,27173,5,5,1,119.70750401961709,119.70750401961709,0.002447231569287244
P021,july,n3_mask_noise,1,3,14059,3,2,3,79.69397513547976,79.69397513547976,0.0038370720188902006
P021,july,control_anchor,2,1,10679,5,5,5,240.0022482646202,240.0022482646202,0
P021,july,n4_mask_noise,3,4,10595,5,5,5,59.69532855895866,59.69532855895866,0.005084082909659757
P021,july,deployed_full,4,4,11249,5,4,5,58.00209744524286,46.40167795619429,0.03296309566463633
P021,july,n4_mask_only,5,4,10505,5,5,5,59.905557297456376,59.905557297456376,0.001583531274742676
P022,july,n2_mask_noise,0,2,10543,5,5,5,119.5751797643455,119.5751797643455,0.003543307086614173
P022,july,n3_mask_noise,1,3,10525,5,5,5,79.37255788825654,79.37255788825654,0.007852375343541421
P022,july,control_anchor,2,1,10574,5,5,5,240.00302723566057,240.00302723566057,0
P022,july,n4_mask_noise,3,4,10945,5,3,3,59.70501903835856,59.70501903835856,0.004922377887163953
P022,july,deployed_full,4,4,10125,2,5,3,58.134527603134835,46.507622082507865,0.030714000797766254
P022,july,n4_mask_only,5,4,11268,3,5,3,59.91208167895626,59.91208167895626,0.0014771048744460858
P023,july,n3_mask_noise,0,3,14752,4,4,4,79.55122415876998,79.55122415876998,0.005616399887672002
P023,july,n4_mask_noise,1,4,10853,4,4,4,59.679753769488634,59.679753769488634,0.0053435114503816794
P023,july,n2_mask_noise,2,2,10986,4,4,4,119.68302380044685,119.68302380044685,0.00264750378214826
P023,july,n4_mask_only,3,4,10545,3,3,3,59.858722068293986,59.858722068293986,0.002364066193853428
P023,july,control_anchor,4,1,10742,5,5,5,240.00223517797554,240.00223517797554,0
P023,july,deployed_full,5,4,10604,3,3,3,57.88448586562778,46.30758869250222,0.03490136570561457
P024,july,n3_mask_noise,0,3,17773,5,5,5,79.62728606466491,79.62728606466491,0.004666355576294913
P024,july,n4_mask_noise,1,4,11348,5,5,5,59.671935789141514,59.671935789141514,0.00547645125958379
P024,july,n2_mask_noise,2,2,10361,5,5,5,119.61561399796051,119.61561399796051,0.0032064128256513026
P024,july,n4_mask_only,3,4,10394,5,5,5,59.85682343796475,59.85682343796475,0.0023990403838464614
P024,july,control_anchor,4,1,10286,5,5,5,240.00077796038264,240.00077796038264,0
P024,july,deployed_full,5,4,10943,4,3,4,58.055216568507745,46.444173254806195,0.03206782159970512
P025,july,n4_mask_noise,0,4,19191,3,3,3,59.740906567608576,59.740906567608576,0.00432338953739732
P025,july,n4_mask_only,1,4,12896,5,5,5,59.92335384972709,59.92335384972709,0.0012903225806451613
P025,july,n3_mask_noise,2,3,10848,5,5,5,79.57316514181983,79.57316514181983,0.0053475935828877
P025,july,deployed_full,3,4,18630,3,3,3,58.933607443135394,47.14688595450831,0.01757469244288225
P025,july,n2_mask_noise,4,2,10623,5,5,5,119.62508092284901,119.62508092284901,0.003127443315089914
P025,july,control_anchor,5,1,10518,5,5,5,240.0038035468074,240.0038035468074,0
P026,july,n4_mask_noise,0,4,26191,4,4,4,59.81038793972907,59.81038793972907,0.003171582619727244
P026,july,n4_mask_only,1,4,15984,3,4,3,59.93814046488378,59.93814046488378,0.001041395469929706
P026,july,n3_mask_noise,2,3,10346,3,4,3,79.55197149841564,79.55197149841564,0.005606728073688426
P026,july,deployed_full,3,4,10357,3,2,3,57.85916437029877,46.28733149623902,0.03531237873496314
P026,july,n2_mask_noise,4,2,10074,4,4,4,119.75366092733564,119.75366092733564,0.0020627062706270625
P026,july,control_anchor,5,1,10438,5,5,5,240.000766775613,240.000766775613,0
P027,july,n4_mask_only,0,4,23410,3,2,2,59.872901944404234,59.872901944404234,0.002131060202450719
P027,july,deployed_full,1,4,12167,2,2,2,58.34252113193676,46.67401690554941,0.027306027306027308
P027,july,n4_mask_noise,2,4,10377,3,2,3,59.73621103117506,59.73621103117506,0.004396482813749001
P027,july,control_anchor,3,1,11015,4,4,4,240.00217936144784,240.00217936144784,0
P027,july,n3_mask_noise,4,3,10564,3,3,3,79.34347653329095,79.34347653329095,0.008212749315604223
P027,july,n2_mask_noise,5,2,10378,3,4,4,119.5687652400978,119.5687652400978,0.0036
P028,july,deployed_full,0,4,12205,5,5,5,58.32755832755831,46.66204666204665,0.02755644090305445
P028,july,control_anchor,1,1,10503,5,5,5,240.00228573605477,240.00228573605477,0
P028,july,n4_mask_only,2,4,10756,5,5,5,59.746390225842276,59.746390225842276,0.004242190512919399
P028,july,n2_mask_noise,3,2,10807,5,5,5,119.63178866587982,119.63178866587982,0.0030745580322828594
P028,july,n4_mask_noise,4,4,11424,5,5,5,59.739524348810875,59.739524348810875,0.004355716878402904
P028,july,n3_mask_noise,5,3,11635,5,5,5,79.6870720350592,79.6870720350592,0.0039229671897289585
P029,july,deployed_full,0,4,22018,5,1,3,58.94058646106622,47.152469168852974,0.017478616586091483
P029,july,control_anchor,1,1,23742,4,1,3,240.00269571297403,240.00269571297403,0
P029,july,n4_mask_only,2,4,24942,4,5,3,59.96018011088686,59.96018011088686,0.0006676681689200467
P029,july,n2_mask_noise,3,2,14356,5,5,5,119.41146710467062,119.41146710467062,0.004909038406006353
P029,july,n4_mask_noise,4,4,14047,4,5,4,59.787658068497095,59.787658068497095,0.0035460992907801418
P029,july,n3_mask_noise,5,3,10515,4,4,4,79.1851301301774,79.1851301301774,0.010192081536652292
P030,july,control_anchor,0,1,15014,4,4,4,240.00159867842547,240.00159867842547,0
P030,july,n2_mask_noise,1,2,10964,4,4,4,119.27528481959173,119.27528481959173,0.006042296072507553
P030,july,deployed_full,2,4,12679,4,2,3,58.38853028988966,46.71082423191173,0.026551503518873962
P030,july,n3_mask_noise,3,3,10517,4,4,3,79.65361407760845,79.65361407760845,0.004339250493096647
P030,july,n4_mask_only,4,4,10485,3,4,3,59.739113098459235,59.739113098459235,0.00435126582278481
P030,july,n4_mask_noise,5,4,10699,3,4,3,59.79090638266193,59.79090638266193,0.0034910783553141972
P031,july,n2_mask_noise,0,2,24317,5,5,5,119.65244204975545,119.65244204975545,0.0029044934221766614
P031,july,n3_mask_noise,1,3,10708,5,5,5,79.56631713214544,79.56631713214544,0.005417956656346749
P031,july,control_anchor,2,1,10734,5,5,5,240.0014912714026,240.0014912714026,0
P031,july,n4_mask_noise,3,4,11253,5,5,5,59.75663716814159,59.75663716814159,0.004056047197640118
P031,july,deployed_full,4,4,10380,5,5,5,58.110781404550075,46.48862512364006,0.031116297160637883
P031,july,n4_mask_only,5,4,10475,5,5,5,59.7392849338238,59.7392849338238,0.00435471100554236
P032,july,n3_mask_noise,0,3,20141,5,5,5,79.63774957857748,79.63774957857748,0.004531410916580845
P032,july,n4_mask_noise,1,4,10541,5,5,5,59.670316198451026,59.670316198451026,0.00550098231827112
P032,july,n2_mask_noise,2,2,10571,5,5,5,119.67069341103938,119.67069341103938,0.00275049115913556
P032,july,n4_mask_only,3,4,12933,4,5,5,59.94222064298825,59.94222064298825,0.0009655616350177019
P032,july,control_anchor,4,1,10606,5,5,5,240.00150885035083,240.00150885035083,0
P032,july,deployed_full,5,4,12199,5,3,4,58.424086612161254,46.739269289729,0.0259567387687188
P033,july,n3_mask_noise,0,3,16711,5,5,5,79.60370809195204,79.60370809195204,0.004961548002976929
P033,july,n4_mask_noise,1,4,15613,5,5,5,59.77709586664021,59.77709586664021,0.003721424774056353
P033,july,n2_mask_noise,2,2,13242,5,5,5,119.69958342435757,119.69958342435757,0.0025109855618330196
P033,july,n4_mask_only,3,4,11005,5,5,5,59.93267215331144,59.93267215331144,0.0011342155009451795
P033,july,control_anchor,4,1,10719,5,5,5,240.0037325619372,240.0037325619372,0
P033,july,deployed_full,5,4,12494,5,4,4,58.46129862031335,46.76903889625068,0.025341130604288498
P034,july,n4_mask_noise,0,4,17157,5,5,4,59.71058202592582,59.71058202592582,0.004833252779120348
P034,july,n4_mask_only,1,4,10656,4,5,4,59.90632318501171,59.90632318501171,0.00156128024980484
P034,july,n3_mask_noise,2,3,10777,3,5,3,79.56939638600538,79.56939638600538,0.005382545174932718
P034,july,deployed_full,3,4,10340,3,3,2,57.900286468782625,46.3202291750261,0.034616880591209646
P034,july,n2_mask_noise,4,2,10329,4,5,3,119.71103234467533,119.71103234467533,0.002414486921529175
P034,july,control_anchor,5,1,10327,5,5,5,239.99999999999997,239.99999999999997,0
P035,july,n4_mask_noise,0,4,10968,3,3,3,59.54857969965623,59.54857969965623,0.007538635506973238
P035,july,n4_mask_only,1,4,11336,3,3,3,59.91227838401999,59.91227838401999,0.0014678899082568807
P035,july,n3_mask_noise,2,3,10906,4,4,4,79.60534714496762,79.60534714496762,0.004939209726443769
P035,july,deployed_full,3,4,12752,2,2,2,58.26795643232539,46.61436514586031,0.02857142857142857
P035,july,n2_mask_noise,4,2,10953,5,5,5,119.72748221621106,119.72748221621106,0.0022770398481973433
P035,july,control_anchor,5,1,10686,5,5,5,240.00224563504767,240.00224563504767,0
P036,july,n4_mask_only,0,4,10554,4,4,4,59.74160694077707,59.74160694077707,0.004322200392927309
P036,july,deployed_full,1,4,10740,4,4,4,58.064109263229874,46.4512874105839,0.03191888847164852
P036,july,n4_mask_noise,2,4,10493,4,4,4,59.78714920442024,59.78714920442024,0.003560126582278481
P036,july,control_anchor,3,1,10406,4,4,4,240.00230771449668,240.00230771449668,0
P036,july,n3_mask_noise,4,3,18928,2,2,2,79.7545581555354,79.7545581555354,0.00307152259763054
P036,july,n2_mask_noise,5,2,10351,4,4,4,119.0909787984513,119.0909787984513,0.0075878594249201275
P037,july,n4_mask_only,0,4,13818,5,5,5,59.80240147117153,59.80240147117153,0.0033052884615384615
P037,july,deployed_full,1,4,15011,5,4,2,58.58536585365853,46.86829268292682,0.023312550826782324
P037,july,n4_mask_noise,2,4,11692,5,5,4,59.80851045689792,59.80851045689792,0.003197158081705151
P037,july,control_anchor,3,1,11070,5,5,5,240.00289051279475,240.00289051279475,0
P037,july,n3_mask_noise,4,3,11119,4,5,3,79.5837433282643,79.5837433282643,0.005218039508013418
P037,july,n2_mask_noise,5,2,10834,5,5,4,119.67754700139008,119.67754700139008,0.0026840490797546013
P038,july,deployed_full,0,4,23104,4,2,5,58.96878536000209,47.17502828800167,0.017018259173905335
P038,july,control_anchor,1,1,10814,5,5,5,240.00221967370743,240.00221967370743,0
P038,july,n4_mask_only,2,4,12110,4,5,5,59.89714257456757,59.89714257456757,0.001717032967032967
P038,july,n2_mask_noise,3,2,10565,4,5,5,119.24906462105376,119.24906462105376,0.00626713670191931
P038,july,n4_mask_noise,4,4,11071,4,5,5,59.73095218826147,59.73095218826147,0.004496065942300487
P038,july,n3_mask_noise,5,3,10788,4,5,5,79.17503830310396,79.17503830310396,0.010321100917431193
P039,july,control_anchor,0,1,14918,5,5,5,240.00160939888912,240.00160939888912,0
P039,july,n2_mask_noise,1,2,10436,5,5,4,119.19149624582485,119.19149624582485,0.0067406819984139575
P039,july,deployed_full,2,4,12028,3,3,2,58.304329217575344,46.643463374060275,0.0279367216425446
P039,july,n3_mask_noise,3,3,10573,4,4,3,79.74962764653749,79.74962764653749,0.003142183817753339
P039,july,n4_mask_only,4,4,10256,4,4,3,59.82989064398542,59.82989064398542,0.0028351559335763467
P039,july,n4_mask_noise,5,4,10337,5,4,4,59.49640287769784,59.49640287769784,0.008393285371702638
P040,july,control_anchor,0,1,26126,5,5,3,240.00183733464158,240.00183733464158,0
P040,july,n2_mask_noise,1,2,11805,3,5,2,119.32732065111752,119.32732065111752,0.005614035087719298
P040,july,deployed_full,2,4,11500,2,2,1,58.18709258494142,46.549674067953134,0.029876977152899824
P040,july,n3_mask_noise,3,3,11229,3,5,3,79.73419961065123,79.73419961065123,0.0033284023668639054
P040,july,n4_mask_only,4,4,16056,3,3,2,59.89121989121988,59.89121989121988,0.001813001813001813
P040,july,n4_mask_noise,5,4,14479,3,3,3,59.640236913805715,59.640236913805715,0.006005147269087789
P041,july,n2_mask_noise,0,2,21660,5,5,5,119.63274886096904,119.63274886096904,0.0030680728667305847
P041,july,n3_mask_noise,1,3,14314,4,5,4,79.67536231884058,79.67536231884058,0.004057971014492754
P041,july,control_anchor,2,1,10422,5,5,5,239.99923200245732,239.99923200245732,0
P041,july,n4_mask_noise,3,4,10590,4,4,4,59.74148061104583,59.74148061104583,0.004308656482569526
P041,july,deployed_full,4,4,10632,3,1,3,58.19840364880273,46.55872291904218,0.029657794676806085
P041,july,n4_mask_only,5,4,10476,3,4,4,59.73928493382346,59.73928493382346,0.00435471100554236
P042,july,n2_mask_noise,0,2,11338,5,5,5,119.2572925702971,119.2572925702971,0.006206644760861628
P042,july,n3_mask_noise,1,3,10756,5,5,5,79.6308975284197,79.6308975284197,0.004626060138781804
P042,july,control_anchor,2,1,10670,5,5,5,240.0007497094872,240.0007497094872,0
P042,july,n4_mask_noise,3,4,10526,5,5,5,59.71680010586909,59.71680010586909,0.004726270185112249
P042,july,deployed_full,4,4,12953,4,3,4,58.44072843200655,46.75258274560524,0.02569727358194923
P042,july,n4_mask_only,5,4,10787,5,5,5,59.74735404574947,59.74735404574947,0.004229142637447136
P043,july,n3_mask_noise,0,3,13846,5,4,2,79.52172134383086,79.52172134383086,0.005980861244019139
P043,july,n4_mask_noise,1,4,10628,4,3,2,59.64963148640051,59.64963148640051,0.005845674201091193
P043,july,n2_mask_noise,2,2,10667,5,5,5,119.67401564500608,119.67401564500608,0.0027258566978193145
P043,july,n4_mask_only,3,4,10645,4,3,3,59.93038224090381,59.93038224090381,0.0011727912431587178
P043,july,control_anchor,4,1,10638,5,5,5,239.99999999999997,239.99999999999997,0
P043,july,deployed_full,5,4,10746,3,1,3,58.17310728754078,46.53848583003263,0.03008649868371568
P044,july,n3_mask_noise,0,3,11616,4,4,4,79.65749277398852,79.65749277398852,0.004284184219921457
P044,july,n4_mask_noise,1,4,10830,5,5,5,59.451916918290785,59.451916918290785,0.009149828440716736
P044,july,n2_mask_noise,2,2,10806,5,5,5,119.58546165335903,119.58546165335903,0.0034575489819439107
P044,july,n4_mask_only,3,4,10565,4,4,4,59.930050099253236,59.930050099253236,0.0011815675462780622
P044,july,control_anchor,4,1,10582,5,5,5,240.00151241599053,240.00151241599053,0
P044,july,deployed_full,5,4,10486,2,2,2,58.01785022773799,46.41428018219039,0.03266717909300538
P045,july,n4_mask_noise,0,4,16215,5,3,4,59.70895526966425,59.70895526966425,0.0048568507157464216
P045,july,n4_mask_only,1,4,10791,4,4,4,59.90821783460699,59.90821783460699,0.0015420200462606013
P045,july,n3_mask_noise,2,3,11035,3,4,4,79.57966077254466,79.57966077254466,0.005257228689447991
P045,july,deployed_full,3,4,10667,3,2,2,57.94170082987179,46.35336066389743,0.033949453036589965
P045,july,n2_mask_noise,4,2,11994,5,5,4,119.75176154466867,119.75176154466867,0.0020797227036395147
P045,july,control_anchor,5,1,10775,5,5,5,240.0007427489127,240.0007427489127,0
P046,july,n4_mask_noise,0,4,13295,2,3,1,59.62702743104867,59.62702743104867,0.006228589224540642
P046,july,n4_mask_only,1,4,14856,3,5,3,59.9327731092437,59.9327731092437,0.0011204481792717086
P046,july,n3_mask_noise,2,3,11018,2,5,3,79.5799861600024,79.5799861600024,0.0052651372696502444
P046,july,deployed_full,3,4,10720,1,1,1,57.92905323258989,46.34324258607191,0.03415915915915916
P046,july,n2_mask_noise,4,2,11609,2,2,3,119.74324161754319,119.74324161754319,0.0021482277121374865
P046,july,control_anchor,5,1,11271,4,3,3,240.0035503483779,240.0035503483779,0
P047,july,n4_mask_only,0,4,10498,5,5,5,59.73933649289099,59.73933649289099,0.004344391785150079
P047,july,deployed_full,1,4,10315,5,5,5,58.032156752449254,46.425725401959404,0.032434544744040644
P047,july,n4_mask_noise,2,4,10589,3,5,5,59.57793881894129,59.57793881894129,0.00703125
P047,july,control_anchor,3,1,10559,5,5,5,240.00075769773568,240.00075769773568,0
P047,july,n3_mask_noise,4,3,10426,5,5,5,79.71388352792052,79.71388352792052,0.0035828025477707007
P047,july,n2_mask_noise,5,2,11587,5,5,5,119.70019017787213,119.70019017787213,0.002509860164933668
P048,july,n4_mask_only,0,4,17131,5,5,5,59.84015460646957,59.84015460646957,0.0026679602231384912
P048,july,deployed_full,1,4,13057,5,5,5,58.37996527751901,46.70397222201521,0.02670807453416149
P048,july,n4_mask_noise,2,4,12541,5,5,5,59.84132410108815,59.84132410108815,0.002649884067572044
P048,july,control_anchor,3,1,10750,5,5,5,240.00297793536123,240.00297793536123,0
P048,july,n3_mask_noise,4,3,12094,5,5,5,79.58832302495965,79.58832302495965,0.005140507196710075
P048,july,n2_mask_noise,5,2,11448,5,5,5,119.653058380939,119.653058380939,0.002902757619738752
P049,july,deployed_full,0,4,10986,5,5,5,57.89293429580051,46.3143474366404,0.03477306002928258
P049,july,control_anchor,1,1,10654,5,5,5,239.99999999999997,239.99999999999997,0
P049,july,n4_mask_only,2,4,11527,5,5,5,59.89229343976993,59.89229343976993,0.0018037518037518038
P049,july,n2_mask_noise,3,2,11198,5,5,5,119.29064669021734,119.29064669021734,0.005917159763313609
P049,july,n4_mask_noise,4,4,10663,5,5,5,59.72043371964969,59.72043371964969,0.004665629860031105
P049,july,n3_mask_noise,5,3,10686,5,5,4,79.19819928304821,79.19819928304821,0.010034735623311463
P050,july,deployed_full,0,4,10481,5,5,5,57.771999301682456,46.21759944134597,0.036767522022213714
P050,july,control_anchor,1,1,10695,3,3,3,240.0014965019273,240.0014965019273,0
P050,july,n4_mask_only,2,4,10400,4,4,3,59.90423000153546,59.90423000153546,0.001599360255897641
P050,july,n2_mask_noise,3,2,10425,3,4,3,119.61791113278463,119.61791113278463,0.0031872509960159364
P050,july,n4_mask_noise,4,4,12114,3,3,3,59.56965634781463,59.56965634781463,0.007169682485489928
P050,july,n3_mask_noise,5,3,10404,3,3,3,79.64977058442754,79.64977058442754,0.00438421681944998
P051,july,control_anchor,0,1,15142,5,5,5,240.00264174619423,240.00264174619423,0
P051,july,n2_mask_noise,1,2,12110,4,5,5,119.34379387639504,119.34379387639504,0.005473828258638385
P051,july,deployed_full,2,4,20432,4,2,4,59.00187689494201,47.20150151595361,0.016446048937023665
P051,july,n3_mask_noise,3,3,22225,4,5,4,79.82078482956143,79.82078482956143,0.002244668911335578
P051,july,n4_mask_only,4,4,16235,3,5,4,59.815809669992326,59.815809669992326,0.0030698388334612432
P051,july,n4_mask_noise,5,4,17518,3,5,4,59.80112747524037,59.80112747524037,0.0033183218772220905
P052,july,control_anchor,0,1,11238,5,5,5,240.00213572534525,240.00213572534525,0
P052,july,n2_mask_noise,1,2,11557,5,5,5,119.31378450425659,119.31378450425659,0.00573271228950197
P052,july,deployed_full,2,4,10733,5,4,4,58.12904331820532,46.50323465456425,0.030838661150808574
P052,july,n3_mask_noise,3,3,11628,5,5,5,79.71517243545253,79.71517243545253,0.0035688793718772305
P052,july,n4_mask_only,4,4,10788,5,5,5,59.74633768103908,59.74633768103908,0.004230769230769231
P052,july,n4_mask_noise,5,4,11803,5,4,5,59.789123571223605,59.789123571223605,0.0035174111853675696
P053,july,n2_mask_noise,0,2,15167,4,3,4,119.73901433184888,119.73901433184888,0.0021923814743765417
P053,july,n3_mask_noise,1,3,21960,4,4,4,79.68326243321938,79.68326243321938,0.003968253968253968
P053,july,control_anchor,2,1,14151,5,5,5,240.00169612506153,240.00169612506153,0
P053,july,n4_mask_noise,3,4,10554,3,4,3,59.694387360721215,59.694387360721215,0.005106048703849175
P053,july,deployed_full,4,4,10913,2,2,2,58.20152834547717,46.56122267638174,0.02962962962962963
P053,july,n4_mask_only,5,4,10500,3,4,3,59.92906452655814,59.92906452655814,0.0011885895404120444
P054,july,n2_mask_noise,0,2,12708,5,5,5,119.33547745928921,119.33547745928921,0.005542875774372351
P054,july,n3_mask_noise,1,3,16076,4,5,4,79.7320639013545,79.7320639013545,0.0033574380165289257
P054,july,control_anchor,2,1,10759,5,5,5,239.99925610459144,239.99925610459144,0
P054,july,n4_mask_noise,3,4,10678,4,5,4,59.69794655834228,59.69794655834228,0.005046583850931677
P054,july,deployed_full,4,4,10793,4,2,3,58.15937915424161,46.52750332339329,0.030325720703856234
P054,july,n4_mask_only,5,4,10437,5,4,5,59.92880314644146,59.92880314644146,0.0011961722488038277
P055,july,n3_mask_noise,0,3,18064,5,5,5,79.63356804666356,79.63356804666356,0.004591368227731864
P055,july,n4_mask_noise,1,4,11468,5,5,5,59.69676731054444,59.69676731054444,0.005059631369714492
P055,july,n2_mask_noise,2,2,10795,5,5,5,119.63136364056069,119.63136364056069,0.0030781069642170067
P055,july,n4_mask_only,3,4,10757,5,5,5,59.93110939864659,59.93110939864659,0.0011605415860735009
P055,july,control_anchor,4,1,10542,5,5,5,239.99924110911877,239.99924110911877,0
P055,july,deployed_full,5,4,11028,3,1,2,58.218334154755915,46.57466732380473,0.029347028613352897
P056,july,n3_mask_noise,0,3,24590,4,5,4,79.73014412756815,79.73014412756815,0.003377237419790611
P056,july,n4_mask_noise,1,4,10635,4,5,3,59.65009018775863,59.65009018775863,0.005841121495327103
P056,july,n2_mask_noise,2,2,10472,5,5,5,119.62086751298972,119.62086751298972,0.0031720856463124504
P056,july,n4_mask_only,3,4,10837,3,5,3,59.931427939427884,59.931427939427884,0.001152073732718894
P056,july,control_anchor,4,1,10582,5,5,4,240.00302366014034,240.00302366014034,0
P056,july,deployed_full,5,4,11187,3,3,3,58.24248316089166,46.59398652871333,0.02894356005788712
P057,sep08,n4_mask_noise,0,4,20815,4,3,3,59.73741375515542,59.73741375515542,0.0043859649122807015
P057,sep08,n4_mask_only,1,4,18903,3,3,3,59.94757065013392,59.94757065013392,0.0008808632459810614
P057,sep08,n3_mask_noise,2,3,16340,4,4,3,79.73586731561312,79.73586731561312,0.003303684879288437
P057,sep08,deployed_full,3,4,11904,2,1,1,58.14899816071792,46.519198528574336,0.030529172320217096
P057,sep08,n2_mask_noise,4,2,10993,4,4,3,119.77379590799238,119.77379590799238,0.0018910741301059002
P057,sep08,control_anchor,5,1,10966,5,5,5,240.00364747184605,240.00364747184605,0
P058,sep08,n4_mask_noise,0,4,15557,4,5,3,59.68093469771253,59.68093469771253,0.005326231691078562
P058,sep08,n4_mask_only,1,4,11096,4,5,3,59.91001124859392,59.91001124859392,0.0014998125234345708
P058,sep08,n3_mask_noise,2,3,10931,5,5,3,79.60552052912665,79.60552052912665,0.004927975739196361
P058,sep08,deployed_full,3,4,14475,4,3,3,58.53518849172927,46.828150793383415,0.02415051951698961
P058,sep08,n2_mask_noise,4,2,10778,5,5,5,119.72417623102555,119.72417623102555,0.0023139220979560356
P058,sep08,control_anchor,5,1,11703,5,5,5,240.00205129958331,240.00205129958331,0
P059,sep08,n4_mask_only,0,4,14786,5,3,4,59.81514440579248,59.81514440579248,0.003089887640449438
P059,sep08,deployed_full,1,4,11174,5,4,4,58.17787418655083,46.542299349240665,0.030018083182640144
P059,sep08,n4_mask_noise,2,4,10333,5,5,5,59.78323755158721,59.78323755158721,0.0036159100040176776
P059,sep08,control_anchor,3,1,10342,5,5,4,240.00154714937784,240.00154714937784,0
P059,sep08,n3_mask_noise,4,3,10321,5,5,4,79.58300816063068,79.58300816063068,0.005218787635487756
P059,sep08,n2_mask_noise,5,2,10293,5,5,5,119.1337132498294,119.1337132498294,0.007231820008035355
P060,sep08,deployed_full,0,4,10444,3,3,3,57.83267049910947,46.266136399287575,0.03576923076923077
P060,sep08,control_anchor,1,1,11023,5,5,4,240.00072590011578,240.00072590011578,0
P060,sep08,n4_mask_only,2,4,10511,4,5,4,59.90540502037225,59.90540502037225,0.0015829046299960427
P060,sep08,n2_mask_noise,3,2,10429,4,4,4,119.19161134867926,119.19161134867926,0.006746031746031746
P060,sep08,n4_mask_noise,4,4,10512,4,4,4,59.717030237069984,59.717030237069984,0.00473186119873817
P060,sep08,n3_mask_noise,5,3,10424,3,4,4,79.20980150061733,79.20980150061733,0.009893153937475268
P061,sep08,deployed_full,0,4,11691,5,3,4,58.095238095238095,46.476190476190474,0.03141180531584398
P061,sep08,control_anchor,1,1,10574,5,5,5,240.00226952500745,240.00226952500745,0
P061,sep08,n4_mask_only,2,4,10623,4,4,4,59.90809393589135,59.90809393589135,0.0015661707126076742
P061,sep08,n2_mask_noise,3,2,10665,5,5,5,119.62728623632034,119.62728623632034,0.003115264797507788
P061,sep08,n4_mask_noise,4,4,10453,4,4,4,59.50235258404777,59.50235258404777,0.008300395256916997
P061,sep08,n3_mask_noise,5,3,11465,4,4,4,79.65313836838435,79.65313836838435,0.004341534008683068
P062,sep08,control_anchor,0,1,14094,5,5,5,240.00113542819875,240.00113542819875,0
P062,sep08,n2_mask_noise,1,2,12510,5,5,5,119.36560934891484,119.36560934891484,0.005299768135144088
P062,sep08,deployed_full,2,4,17680,4,3,4,58.84963114981419,47.07970491985135,0.018955154877484975
P062,sep08,n3_mask_noise,3,3,11888,4,5,4,79.69351226676926,79.69351226676926,0.0038394415357766143
P062,sep08,n4_mask_only,4,4,12701,4,4,4,59.785251533357446,59.785251533357446,0.003594771241830065
P062,sep08,n4_mask_noise,5,4,11005,4,4,4,59.68463380472597,59.68463380472597,0.005271084337349397
P063,sep08,control_anchor,0,1,12902,5,5,3,240.0037209879225,240.0037209879225,0
P063,sep08,n2_mask_noise,1,2,11950,3,5,4,119.66831563404615,119.66831563404615,0.002780674313521029
P063,sep08,deployed_full,2,4,11238,2,2,1,58.04297503592735,46.43438002874188,0.032281205164992825
P063,sep08,n3_mask_noise,3,3,19999,3,3,3,79.83474208388625,79.83474208388625,0.002079002079002079
P063,sep08,n4_mask_only,4,4,11063,3,3,3,59.88793850151575,59.88793850151575,0.0018796992481203006
P063,sep08,n4_mask_noise,5,4,12707,3,3,3,59.59033112686288,59.59033112686288,0.006838163464669489
P064,sep08,n2_mask_noise,0,2,11679,5,5,5,119.61763325225111,119.61763325225111,0.003200568990042674
P064,sep08,n3_mask_noise,1,3,12413,5,5,5,79.6533741757345,79.6533741757345,0.004343468092215168
P064,sep08,control_anchor,2,1,10702,5,5,5,240.00299185654023,240.00299185654023,0
P064,sep08,n4_mask_noise,3,4,12908,5,5,5,59.75012532294759,59.75012532294759,0.004177377892030848
P064,sep08,deployed_full,4,4,10799,5,2,3,57.98651830234447,46.389214641875576,0.0332089552238806
P064,sep08,n4_mask_only,5,4,10493,5,5,4,59.74007494189631,59.74007494189631,0.004347826086956522
P065,sep08,n2_mask_noise,0,2,10709,5,5,5,119.21328509138138,119.21328509138138,0.006571318129107074
P065,sep08,n3_mask_noise,1,3,10211,5,4,4,79.57912638216796,79.57912638216796,0.005273833671399594
P065,sep08,control_anchor,2,1,10414,5,5,5,240.00307449895246,240.00307449895246,0
P065,sep08,n4_mask_noise,3,4,10415,4,4,3,59.689804026435155,59.689804026435155,0.005173099880620772
P065,sep08,deployed_full,4,4,10234,4,3,3,58.176443277967934,46.54115462237435,0.030015797788309637
P065,sep08,n4_mask_only,5,4,10148,4,4,3,59.73106309522635,59.73106309522635,0.004495300367797303
P066,sep10_12,n3_mask_noise,0,3,34206,3,4,4,79.82570043234463,79.82570043234463,0.002188449848024316
P066,sep10_12,n4_mask_noise,1,4,24281,4,3,4,59.84654311251292,59.84654311251292,0.002567174396714017
P066,sep10_12,n2_mask_noise,2,2,13692,5,5,5,119.60120801950295,119.60120801950295,0.0033353547604608852
P066,sep10_12,n4_mask_only,3,4,18922,4,4,4,59.90788272722041,59.90788272722041,0.0015387997362057595
P066,sep10_12,control_anchor,4,1,10846,5,5,5,240.00516338423265,240.00516338423265,0
P066,sep10_12,deployed_full,5,4,16244,3,1,2,58.64674773023934,46.91739818419147,0.022316950852557672
P067,sep10_12,n3_mask_noise,0,3,14529,5,5,5,79.68118386084706,79.68118386084706,0.003998857469294488
P067,sep10_12,n4_mask_noise,1,4,19564,5,4,4,59.80946558663202,59.80946558663202,0.0031840373593716833
P067,sep10_12,n2_mask_noise,2,2,12036,5,5,5,119.54713608262803,119.54713608262803,0.003793103448275862
P067,sep10_12,n4_mask_only,3,4,13211,5,4,4,59.84961157205729,59.84961157205729,0.0025165146272412707
P067,sep10_12,control_anchor,4,1,10662,5,5,5,240.00300238314202,240.00300238314202,0
P067,sep10_12,deployed_full,5,4,36526,4,2,2,59.37737075972689,47.50189660778151,0.010274359263859095
P068,sep10_12,n4_mask_noise,0,4,10426,5,5,5,59.619692131725685,59.619692131725685,0.006354249404289118
P068,sep10_12,n4_mask_only,1,4,10355,5,5,5,59.80861244019145,59.80861244019145,0.003208985158443642
P068,sep10_12,n3_mask_noise,2,3,11147,5,5,5,79.58396182349908,79.58396182349908,0.005206396429899591
P068,sep10_12,deployed_full,3,4,10427,5,4,5,57.89468812765505,46.31575050212404,0.034722222222222224
P068,sep10_12,n2_mask_noise,4,2,10411,5,5,5,119.61859904075347,119.61859904075347,0.0031910650179497405
P068,sep10_12,control_anchor,5,1,10446,5,5,5,240.00153233221016,240.00153233221016,0
P069,sep10_12,n4_mask_noise,0,4,16132,5,4,3,59.76895101786272,59.76895101786272,0.0038590172369436584
P069,sep10_12,n4_mask_only,1,4,11377,5,4,4,59.825277768041815,59.825277768041815,0.0029207740051113546
P069,sep10_12,n3_mask_noise,2,3,10952,4,4,3,79.60723063697917,79.60723063697917,0.004918653045781309
P069,sep10_12,deployed_full,3,4,11472,4,2,2,58.183262488063406,46.546609990450726,0.029940119760479042
P069,sep10_12,n2_mask_noise,4,2,10582,5,5,5,119.39007652245822,119.39007652245822,0.0050920485703094395
P069,sep10_12,control_anchor,5,1,10510,5,5,5,240.00076130297032,240.00076130297032,0
P070,sep10_12,n4_mask_only,0,4,10833,4,1,2,59.81631789152077,59.81631789152077,0.003067484662576687
P070,sep10_12,deployed_full,1,4,10430,4,2,2,57.873367614960635,46.29869409196851,0.03508095605242868
P070,sep10_12,n4_mask_noise,2,4,11876,4,2,3,59.76939203354298,59.76939203354298,0.003843466107617051
P070,sep10_12,control_anchor,3,1,10742,5,5,5,240.0022351779762,240.0022351779762,0
P070,sep10_12,n3_mask_noise,4,3,10571,4,3,3,79.56145550109287,79.56145550109287,0.005488043904351235
P070,sep10_12,n2_mask_noise,5,2,10400,4,3,3,119.56886227544909,119.56886227544909,0.003592814371257485
P071,sep10_12,n4_mask_only,0,4,15537,5,4,4,59.824203200041026,59.824203200041026,0.0029427501337613697
P071,sep10_12,deployed_full,1,4,11208,4,4,4,58.07928145781155,46.46342516624924,0.03167746580273578
P071,sep10_12,n4_mask_noise,2,4,14811,4,5,4,59.748300828913045,59.748300828913045,0.004201680672268907
P071,sep10_12,control_anchor,3,1,10047,5,5,5,240.00318544252738,240.00318544252738,0
P071,sep10_12,n3_mask_noise,4,3,10769,4,5,4,79.60116276205265,79.60116276205265,0.0050038491147036184
P071,sep10_12,n2_mask_noise,5,2,10908,4,5,4,119.49955284627026,119.49955284627026,0.004182509505703422
P072,sep10_12,deployed_full,0,4,17866,3,1,2,58.52568794310742,46.82055035448594,0.024356931481903026
P072,sep10_12,control_anchor,1,1,10822,5,5,5,240.0029572948143,240.0029572948143,0
P072,sep10_12,n4_mask_only,2,4,17097,3,5,3,59.88382275672836,59.88382275672836,0.0019459985405010946
P072,sep10_12,n2_mask_noise,3,2,11734,4,4,4,119.53459162197072,119.53459162197072,0.0038896746817538895
P072,sep10_12,n4_mask_noise,4,4,14701,3,5,3,59.763317617731445,59.763317617731445,0.003951453570420547
P072,sep10_12,n3_mask_noise,5,3,11322,3,4,2,79.62035328236225,79.62035328236225,0.004760161113145368
P073,sep10_12,deployed_full,0,4,13027,4,1,2,58.32214264398687,46.6577141151895,0.02767412935323383
P073,sep10_12,control_anchor,1,1,12214,5,5,5,240.0019652156825,240.0019652156825,0
P073,sep10_12,n4_mask_only,2,4,12001,4,3,3,59.83445799953471,59.83445799953471,0.002770083102493075
P073,sep10_12,n2_mask_noise,3,2,10701,5,4,5,119.48948362310354,119.48948362310354,0.004263565891472868
P073,sep10_12,n4_mask_noise,4,4,10573,4,3,2,59.671033451515584,59.671033451515584,0.0054858934169279
P073,sep10_12,n3_mask_noise,5,3,10514,4,5,4,79.55870764381403,79.55870764381403,0.005516154452324665
P074,sep10_12,control_anchor,0,1,12926,5,5,3,240.00185688090494,240.00185688090494,0
P074,sep10_12,n2_mask_noise,1,2,16004,5,5,5,119.65881194781251,119.65881194781251,0.0028556593977154725
P074,sep10_12,deployed_full,2,4,12771,4,3,3,58.28862763002701,46.63090210402161,0.02822708531557247
P074,sep10_12,n3_mask_noise,3,3,10628,5,4,5,79.5335858703955,79.5335858703955,0.005845674201091193
P074,sep10_12,n4_mask_only,4,4,14871,4,4,3,59.933519121646576,59.933519121646576,0.001119194180190263
P074,sep10_12,n4_mask_noise,5,4,26797,5,5,3,59.842182643812926,59.842182643812926,0.002791130407815165
P075,sep10_12,control_anchor,0,1,23558,5,5,5,240.0027171721029,240.0027171721029,0
P075,sep10_12,n2_mask_noise,1,2,10685,5,5,5,119.4890619759257,119.4890619759257,0.004270186335403727
P075,sep10_12,deployed_full,2,4,10616,4,4,3,57.95274587254479,46.36219669803583,0.03376327769347496
P075,sep10_12,n3_mask_noise,3,3,10654,5,5,5,79.65806534017433,79.65806534017433,0.004283489096573208
P075,sep10_12,n4_mask_only,4,4,10649,5,5,4,59.813539014527095,59.813539014527095,0.0031201248049922
P075,sep10_12,n4_mask_noise,5,4,10732,5,5,4,59.653380512611115,59.653380512611115,0.005789270551910459
P076,sep10_12,n2_mask_noise,0,2,16453,4,4,4,119.60722550005444,119.60722550005444,0.003281171125694094
P076,sep10_12,n3_mask_noise,1,3,11896,4,4,4,79.5548273479122,79.5548273479122,0.00557297109021247
P076,sep10_12,control_anchor,2,1,10518,5,5,5,240.00380354680675,240.00380354680675,0
P076,sep10_12,n4_mask_noise,3,4,14984,3,3,3,59.70169077313353,59.70169077313353,0.004980630879911455
P076,sep10_12,deployed_full,4,4,10740,3,2,3,57.75969457713099,46.207755661704795,0.03698169592827792
P076,sep10_12,n4_mask_only,5,4,13472,4,4,3,59.9261762874676,59.9261762874676,0.0012353304508956147
P077,sep10_12,n2_mask_noise,0,2,21956,5,3,4,119.75095437193237,119.75095437193237,0.0020829388373414127
P077,sep10_12,n3_mask_noise,1,3,22473,3,4,4,79.79372567467412,79.79372567467412,0.0025887573964497044
P077,sep10_12,control_anchor,2,1,10646,5,5,5,240.00375886857992,240.00375886857992,0
P077,sep10_12,n4_mask_noise,3,4,13950,4,3,3,59.69744734571022,59.69744734571022,0.005052005943536404
P077,sep10_12,deployed_full,4,4,12392,2,2,3,57.95418228870313,46.3633458309625,0.03378817413905133
P077,sep10_12,n4_mask_only,5,4,12296,3,4,3,59.919620021921816,59.919620021921816,0.0013531799729364006
P078,sep10_12,n3_mask_noise,0,3,10432,5,5,5,79.55570805851026,79.55570805851026,0.005559968228752979
P078,sep10_12,n4_mask_noise,1,4,10692,5,5,5,59.65222242886367,59.65222242886367,0.00581170089112747
P078,sep10_12,n2_mask_noise,2,2,10841,5,5,5,119.4498512615229,119.4498512615229,0.0045906656465187455
P078,sep10_12,n4_mask_only,3,4,10266,5,5,5,59.806405887435666,59.806405887435666,0.003236245954692557
P078,sep10_12,control_anchor,4,1,10246,5,5,5,240.00312326146548,240.00312326146548,0
P078,sep10_12,deployed_full,5,4,11173,5,1,3,58.00971083857689,46.407768670861515,0.03282828282828283
P079,sep10_12,n3_mask_noise,0,3,22449,5,4,4,79.79349656345926,79.79349656345926,0.00259163272861903
P079,sep10_12,n4_mask_noise,1,4,19565,5,5,4,59.80916088868065,59.80916088868065,0.0031840373593716833
P079,sep10_12,n2_mask_noise,2,2,10796,5,5,5,119.49563709483989,119.49563709483989,0.004227517294388932
P079,sep10_12,n4_mask_only,3,4,19713,5,4,5,59.89934075281778,59.89934075281778,0.0016877637130801688
P079,sep10_12,control_anchor,4,1,10582,5,5,5,240.00151241599053,240.00151241599053,0
P079,sep10_12,deployed_full,5,4,13926,4,3,3,58.427390592875476,46.74191247430038,0.025939959195569805
P080,sep10_12,n4_mask_noise,0,4,18500,5,4,4,59.79862409291946,59.79862409291946,0.003367003367003367
P080,sep10_12,n4_mask_only,1,4,10706,5,4,4,59.81418038281072,59.81418038281072,0.0031031807602792862
P080,sep10_12,n3_mask_noise,2,3,11610,4,4,4,79.62902645157968,79.62902645157968,0.004642857142857143
P080,sep10_12,deployed_full,3,4,12772,3,2,2,58.23364897934389,46.58691918347511,0.029141590117199873
P080,sep10_12,n2_mask_noise,4,2,10707,5,5,5,119.67626870814837,119.67626870814837,0.002716336825766395
P080,sep10_12,control_anchor,5,1,10750,5,5,5,240.00223257890718,240.00223257890718,0
P081,sep10_12,n4_mask_noise,0,4,18869,4,4,4,59.8023577630828,59.8023577630828,0.003301056338028169
P081,sep10_12,n4_mask_only,1,4,13265,4,4,4,59.85052406803115,59.85052406803115,0.002506265664160401
P081,sep10_12,n3_mask_noise,2,3,11027,4,4,4,79.60998027043946,79.60998027043946,0.004887218045112782
P081,sep10_12,deployed_full,3,4,10647,3,3,3,57.95911330496258,46.367290643970065,0.033661119515885025
P081,sep10_12,n2_mask_noise,4,2,10912,4,4,4,119.63602145134607,119.63602145134607,0.0030452988199467074
P081,sep10_12,control_anchor,5,1,10646,5,5,5,240.00526038926932,240.00526038926932,0
P082,sep10_12,n4_mask_only,0,4,31369,4,5,3,59.9370139919373,59.9370139919373,0.0010614302772986599
P082,sep10_12,deployed_full,1,4,10417,3,3,3,57.84840940013526,46.278727520108205,0.035493827160493825
P082,sep10_12,n4_mask_noise,2,4,10492,2,4,2,59.74007494189631,59.74007494189631,0.004347826086956522
P082,sep10_12,control_anchor,3,1,14182,5,5,5,240.00282107341846,240.00282107341846,0
P082,sep10_12,n3_mask_noise,4,3,21955,4,5,3,79.80386723180528,79.80386723180528,0.0024607230740109785
P082,sep10_12,n2_mask_noise,5,2,10349,4,5,4,119.47132495815632,119.47132495815632,0.004408817635270541
P083,sep10_12,n4_mask_only,0,4,15160,4,3,3,59.868910283830246,59.868910283830246,0.0021935837674801205
P083,sep10_12,deployed_full,1,4,10633,3,1,2,57.95791978060886,46.36633582448709,0.03368660105980318
P083,sep10_12,n4_mask_noise,2,4,15465,2,4,2,59.80768735015857,59.80768735015857,0.00322234156820623
P083,sep10_12,control_anchor,3,1,10311,5,5,5,240.00543262094914,240.00543262094914,0
P083,sep10_12,n3_mask_noise,4,3,11472,3,5,2,79.595689747393,79.595689747393,0.005059631369714492
P083,sep10_12,n2_mask_noise,5,2,16521,4,5,3,119.76011740477446,119.76011740477446,0.0020130850528434826
P084,sep10_12,deployed_full,0,4,18007,3,2,2,58.763385597668,47.0107084781344,0.020398912058023574
P084,sep10_12,control_anchor,1,1,10678,5,5,5,240.00224826462153,240.00224826462153,0
P084,sep10_12,n4_mask_only,2,4,10562,4,5,4,59.811999207225504,59.811999207225504,0.0031458906802988595
P084,sep10_12,n2_mask_noise,3,2,10935,4,5,4,119.45501210477495,119.45501210477495,0.004550625711035267
P084,sep10_12,n4_mask_noise,4,4,10798,1,5,2,59.61032509705058,59.61032509705058,0.006515906477577616
P084,sep10_12,n3_mask_noise,5,3,13431,4,5,3,79.60552794218249,79.60552794218249,0.0049382716049382715
P085,sep10_12,deployed_full,0,4,16481,3,2,3,58.65189595663669,46.921516765309356,0.022244191794364803
P085,sep10_12,control_anchor,1,1,10526,5,5,5,240.00456065673416,240.00456065673416,0
P085,sep10_12,n4_mask_only,2,4,10896,4,5,4,59.81791563729527,59.81791563729527,0.0030499428135722455
P085,sep10_12,n2_mask_noise,3,2,10469,5,5,4,119.47891408738649,119.47891408738649,0.004358161648177496
P085,sep10_12,n4_mask_noise,4,4,14382,4,4,3,59.74137453619105,59.74137453619105,0.004326507066628208
P085,sep10_12,n3_mask_noise,5,3,10680,5,5,4,79.56612711953882,79.56612711953882,0.00543267365153279
P086,sep10_12,control_anchor,0,1,22518,5,4,4,240.00177647502943,240.00177647502943,0
P086,sep10_12,n2_mask_noise,1,2,21549,5,3,4,119.74661505121425,119.74661505121425,0.0021223229789697085
P086,sep10_12,deployed_full,2,4,16132,3,2,3,58.637880797911414,46.91030463832913,0.02246907346629639
P086,sep10_12,n3_mask_noise,3,3,19333,4,5,4,79.82826859864502,79.82826859864502,0.0021500752526338422
P086,sep10_12,n4_mask_only,4,4,18114,3,4,4,59.90399929459868,59.90399929459868,0.0016073478760045925
P086,sep10_12,n4_mask_noise,5,4,25350,3,4,4,59.853141404522205,59.853141404522205,0.002459419576979833
P087,sep10_12,control_anchor,0,1,10446,5,5,5,240.00076585804845,240.00076585804845,0
P087,sep10_12,n2_mask_noise,1,2,17828,4,5,4,119.63809406646494,119.63809406646494,0.0030288909599254427
P087,sep10_12,deployed_full,2,4,13449,3,2,2,58.07595738098837,46.4607659047907,0.031784107946026985
P087,sep10_12,n3_mask_noise,3,3,19028,3,5,4,79.80903150945151,79.80903150945151,0.002402795980777632
P087,sep10_12,n4_mask_only,4,4,11704,3,4,3,59.830515692202866,59.830515692202866,0.0028388928317956
P087,sep10_12,n4_mask_noise,5,4,10847,2,5,3,59.67938665272677,59.67938665272677,0.005349636988918609
P088,sep10_12,n2_mask_noise,0,2,14484,5,5,5,119.62265708859704,119.62265708859704,0.0031536697247706424
P088,sep10_12,n3_mask_noise,1,3,10504,5,5,5,79.59125064300984,79.59125064300984,0.005128205128205128
P088,sep10_12,control_anchor,2,1,11158,5,5,5,240.00143445011176,240.00143445011176,0
P088,sep10_12,n4_mask_noise,3,4,21068,4,4,5,59.82321571373807,59.82321571373807,0.0029574132492113563
P088,sep10_12,deployed_full,4,4,10460,4,4,4,57.880615180349764,46.30449214427981,0.03497309761721752
P088,sep10_12,n4_mask_only,5,4,12144,3,4,4,59.91827270933357,59.91827270933357,0.0013703323055841042
P089,sep10_12,n2_mask_noise,0,2,10764,5,5,5,119.4924346121124,119.4924346121124,0.004238921001926782
P089,sep10_12,n3_mask_noise,1,3,13537,5,4,4,79.65753878064382,79.65753878064382,0.004290530186944529
P089,sep10_12,control_anchor,2,1,11751,5,5,5,240.00408517591697,240.00408517591697,0
P089,sep10_12,n4_mask_noise,3,4,12156,4,3,4,59.693856669258786,59.693856669258786,0.005115961800818554
P089,sep10_12,deployed_full,4,4,12105,3,1,2,58.17910997573541,46.543287980588325,0.030040053404539385
P089,sep10_12,n4_mask_only,5,4,11280,4,4,4,59.91203461977558,59.91203461977558,0.0014749262536873156
P090,sep10_12,n3_mask_noise,0,3,27800,3,4,4,79.83315445059065,79.83315445059065,0.0020939276099311995
P090,sep10_12,n4_mask_noise,1,4,10851,4,4,3,59.65685286627686,59.65685286627686,0.0057251908396946565
P090,sep10_12,n2_mask_noise,2,2,10708,5,4,5,119.48931105345895,119.48931105345895,0.004261913986826811
P090,sep10_12,n4_mask_only,3,4,11427,4,3,4,59.82656185931277,59.82656185931277,0.0029080334423845873
P090,sep10_12,control_anchor,4,1,10334,5,5,4,240.00309681415217,240.00309681415217,0
P090,sep10_12,deployed_full,5,4,10568,3,1,2,57.92228911810111,46.33783129448089,0.03427265803503427
P091,sep10_12,n3_mask_noise,0,3,18016,4,5,4,79.74269885881625,79.74269885881625,0.003227293683725219
P091,sep10_12,n4_mask_noise,1,4,10980,4,5,4,59.66073757426472,59.66073757426472,0.005660377358490566
P091,sep10_12,n2_mask_noise,2,2,10556,5,5,5,119.48321388155448,119.48321388155448,0.004322200392927309
P091,sep10_12,n4_mask_only,3,4,12034,3,5,3,59.83497228826823,59.83497228826823,0.002761477390403866
P091,sep10_12,control_anchor,4,1,10502,5,5,5,240.00228573605412,240.00228573605412,0
P091,sep10_12,deployed_full,5,4,13138,2,2,2,58.31680530475727,46.653444243805815,0.027760641579272053
P092,sep10_12,n4_mask_noise,0,4,26300,5,4,4,59.86768984496789,59.86768984496789,0.002212739054844318
P092,sep10_12,n4_mask_only,1,4,14160,4,4,3,59.85967581732491,59.85967581732491,0.002348106838861168
P092,sep10_12,n3_mask_noise,2,3,15003,5,5,4,79.71293603042412,79.71293603042412,0.0035971223021582736
P092,sep10_12,deployed_full,3,4,17777,4,1,2,58.73379519996472,46.98703615997177,0.020885930686252007
P092,sep10_12,n2_mask_noise,4,2,10558,5,5,5,119.52923869069537,119.52923869069537,0.003929273084479371
P092,sep10_12,control_anchor,5,1,13814,5,5,5,240.00173756914035,240.00173756914035,0
P093,sep10_12,n4_mask_noise,0,4,18173,4,3,3,59.79503544932642,59.79503544932642,0.003427004797806717
P093,sep10_12,n4_mask_only,1,4,20129,4,4,4,59.901400137881126,59.901400137881126,0.0016532341392849763
P093,sep10_12,n3_mask_noise,2,3,12184,4,5,5,79.61913472374171,79.61913472374171,0.004763525008506295
P093,sep10_12,deployed_full,3,4,10393,4,2,3,57.955179468104895,46.36414357448392,0.03372093023255814
P093,sep10_12,n2_mask_noise,4,2,10561,5,5,5,119.62399841445101,119.62399841445101,0.0031458906802988595
P093,sep10_12,control_anchor,5,1,10486,5,5,5,240.00305250305223,240.00305250305223,0
P094,sep10_12,n4_mask_only,0,4,30513,4,4,4,59.935178667888884,59.935178667888884,0.0010912563088255353
P094,sep10_12,deployed_full,1,4,16689,3,2,3,58.639264593945775,46.91141167515662,0.02244997559785261
P094,sep10_12,n4_mask_noise,2,4,16814,4,4,4,59.793301253940825,59.793301253940825,0.0034567901234567903
P094,sep10_12,control_anchor,3,1,10806,5,5,5,240.00148091928116,240.00148091928116,0
P094,sep10_12,n3_mask_noise,4,3,23609,3,4,4,79.80371609820948,79.80371609820948,0.0024647887323943664
P094,sep10_12,n2_mask_noise,5,2,11681,4,4,4,119.48999420447949,119.48999420447949,0.004261363636363636
P095,sep10_12,n4_mask_only,0,4,57511,5,4,4,59.948392253625144,59.948392253625144,0.0008688097306689834
P095,sep10_12,deployed_full,1,4,43659,4,2,2,59.49528103669548,47.59622482935639,0.00832938949361098
P095,sep10_12,n4_mask_noise,2,4,45278,5,5,4,59.91791130362663,59.91791130362663,0.0013784230839919132
P095,sep10_12,control_anchor,3,1,24926,5,5,5,240.00192579278422,240.00192579278422,0
P095,sep10_12,n3_mask_noise,4,3,38418,4,5,4,79.88820329949287,79.88820329949287,0.0014078405891271388
P095,sep10_12,n2_mask_noise,5,2,28589,5,5,5,119.8087808557374,119.8087808557374,0.0016004655899898152
P096,sep10_12,deployed_full,0,4,23904,5,1,3,59.05374024177342,47.242992193418736,0.015614275909402883
P096,sep10_12,control_anchor,1,1,10622,5,5,5,240.001507073827,240.001507073827,0
P096,sep10_12,n4_mask_only,2,4,11633,5,5,5,59.82931615070242,59.82931615070242,0.002856122813280971
P096,sep10_12,n2_mask_noise,3,2,10668,5,5,5,119.48863901460366,119.48863901460366,0.0042768273716951785
P096,sep10_12,n4_mask_noise,4,4,11053,5,5,5,59.68557647312899,59.68557647312899,0.005249343832020997
P096,sep10_12,n3_mask_noise,5,3,11719,5,5,5,79.68951401577927,79.68951401577927,0.003895184135977337
P097,sep10_12,deployed_full,0,4,11576,5,4,5,58.03496737493725,46.427973899949805,0.032426778242677826
P097,sep10_12,control_anchor,1,1,12390,5,5,5,239.8404830715077,239.8404830715077,0.0006727211570803902
P097,sep10_12,n4_mask_only,2,4,11225,5,5,4,59.82348188203127,59.82348188203127,0.0029596744358120607
P097,sep10_12,n2_mask_noise,3,2,10332,5,5,3,119.47085970845283,119.47085970845283,0.004415897230028101
P097,sep10_12,n4_mask_noise,4,4,10565,5,5,3,59.67114984611639,59.67114984611639,0.005490196078431373
P097,sep10_12,n3_mask_noise,5,3,10312,4,5,3,79.55096755952694,79.55096755952694,0.005622489959839358
P098,sep10_12,control_anchor,0,1,11678,5,5,5,239.9993150215772,239.9993150215772,0
P098,sep10_12,n2_mask_noise,1,2,12204,4,5,4,119.55102040816327,119.55102040816327,0.0037414965986394557
P098,sep10_12,deployed_full,2,4,15479,2,2,2,58.51798588377779,46.81438870702223,0.02444794952681388
P098,sep10_12,n3_mask_noise,3,3,12189,2,5,2,79.70114115685178,79.70114115685178,0.003746594005449591
P098,sep10_12,n4_mask_only,4,4,16842,3,4,2,59.88219119633994,59.88219119633994,0.0019753086419753087
P098,sep10_12,n4_mask_noise,5,4,20293,2,4,2,59.816485821368296,59.816485821368296,0.0030699959066721244
P099,sep10_12,control_anchor,0,1,10790,5,5,5,240.00444967693454,240.00444967693454,0
P099,sep10_12,n2_mask_noise,1,2,10276,5,5,5,119.4684694282754,119.4684694282754,0.00443906376109766
P099,sep10_12,deployed_full,2,4,10229,4,4,4,57.87964805401789,46.303718443214315,0.03498427672955975
P099,sep10_12,n3_mask_noise,3,3,11198,4,5,4,79.6156160428726,79.6156160428726,0.004816598740274175
P099,sep10_12,n4_mask_only,4,4,10128,4,5,4,59.80437499384988,59.80437499384988,0.003280032800328003
P099,sep10_12,n4_mask_noise,5,4,10379,4,5,4,59.64233744351669,59.64233744351669,0.005983246908655764
P100,sep10_12,n2_mask_noise,0,2,15748,5,5,4,119.55785435276681,119.55785435276681,0.0036929570034291742
P100,sep10_12,n3_mask_noise,1,3,10968,4,5,4,79.5780820261732,79.5780820261732,0.005289006422364941
P100,sep10_12,control_anchor,2,1,10919,5,5,5,240.0014656578048,240.0014656578048,0
P100,sep10_12,n4_mask_noise,3,4,11963,3,5,3,59.68864605942657,59.68864605942657,0.005197505197505198
P100,sep10_12,deployed_full,4,4,12079,3,2,2,58.23209217434658,46.585673739477265,0.029155495978552277
P100,sep10_12,n4_mask_only,5,4,10551,4,4,3,59.90615569451402,59.90615569451402,0.0015766653527788726
P101,sep10_12,n2_mask_noise,0,2,41731,4,5,5,119.86969436578924,119.86969436578924,0.001097037997407001
P101,sep10_12,n3_mask_noise,1,3,12201,4,5,4,79.62017261914465,79.62017261914465,0.004758667573079538
P101,sep10_12,control_anchor,2,1,11246,5,5,3,240.0028455320698,240.0028455320698,0
P101,sep10_12,n4_mask_noise,3,4,14724,4,3,4,59.746811474633716,59.746811474633716,0.00422654268808115
P101,sep10_12,deployed_full,4,4,10966,2,1,1,57.99389630779532,46.39511704623625,0.03308823529411765
P101,sep10_12,n4_mask_only,5,4,20183,3,4,2,59.938626014650566,59.938626014650566,0.0010311404413281089
P102,sep10_12,n3_mask_noise,0,3,17279,5,5,4,79.67399975011773,79.67399975011773,0.004084574723690533
P102,sep10_12,n4_mask_noise,1,4,13164,5,5,4,59.7168363683091,59.7168363683091,0.004724409448818898
P102,sep10_12,n2_mask_noise,2,2,10468,5,5,5,119.4768133174792,119.4768133174792,0.004359889021006738
P102,sep10_12,n4_mask_only,3,4,10467,4,5,4,59.8100934294611,59.8100934294611,0.0031746031746031746
P102,sep10_12,control_anchor,4,1,10510,5,5,5,240.00076130296898,240.00076130296898,0
P102,sep10_12,deployed_full,5,4,10679,3,1,1,57.898828463985986,46.31906277118879,0.0346646571213263
P103,sep10_12,n3_mask_noise,0,3,33448,4,5,3,79.86152560582553,79.86152560582553,0.001740860482467048
P103,sep10_12,n4_mask_noise,1,4,19966,3,4,3,59.800971188733044,59.800971188733044,0.0033270950301517986
P103,sep10_12,n2_mask_noise,2,2,11490,4,5,3,119.43737116527235,119.43737116527235,0.004691447130999639
P103,sep10_12,n4_mask_only,3,4,18361,4,4,3,59.94580801018556,59.94580801018556,0.000906823849467241
P103,sep10_12,control_anchor,4,1,11566,5,5,3,240.00138329327595,240.00138329327595,0
P103,sep10_12,deployed_full,5,4,10145,4,1,3,57.564778113086106,46.051822490468886,0.04022082018927445
P104,sep10_12,n4_mask_noise,0,4,16388,4,4,3,59.77276319468935,59.77276319468935,0.003799392097264438
P104,sep10_12,n4_mask_only,1,4,19073,4,4,4,59.895751562156526,59.895751562156526,0.0017444395987788923
P104,sep10_12,n3_mask_noise,2,3,11032,5,5,5,79.58045951103698,79.58045951103698,0.005259203606311044
P104,sep10_12,deployed_full,3,4,11790,3,3,2,58.191179615403826,46.55294369232306,0.02982516283853274
P104,sep10_12,n2_mask_noise,4,2,10872,5,5,5,119.63586692457925,119.63586692457925,0.0030557677616501145
P104,sep10_12,control_anchor,5,1,10742,5,5,5,240.00223517797684,240.00223517797684,0
P105,sep10_12,n4_mask_noise,0,4,42043,4,5,3,59.90562341033397,59.90562341033397,0.001583217890362161
P105,sep10_12,n4_mask_only,1,4,14898,4,5,3,59.849864730935046,59.849864730935046,0.0025111607142857145
P105,sep10_12,n3_mask_noise,2,3,14570,4,5,3,79.68191036069908,79.68191036069908,0.003987467957846767
P105,sep10_12,deployed_full,3,4,18586,4,1,3,58.788025744964564,47.03042059597165,0.01999121265377856
P105,sep10_12,n2_mask_noise,4,2,19663,5,5,3,119.72141990568501,119.72141990568501,0.002326565143824027
P105,sep10_12,control_anchor,5,1,11774,5,5,5,240.00271861486667,240.00271861486667,0
P106,sep10_12,n4_mask_only,0,4,16192,4,4,4,59.87737999876752,59.87737999876752,0.0020539152759948653
P106,sep10_12,deployed_full,1,4,11253,4,3,3,58.00369368208565,46.40295494566852,0.03293949158610813
P106,sep10_12,n4_mask_noise,2,4,17123,4,5,4,59.84065786868239,59.84065786868239,0.0026692550351856345
P106,sep10_12,control_anchor,3,1,10422,5,5,5,240.00307081098174,240.00307081098174,0
P106,sep10_12,n3_mask_noise,4,3,10418,5,5,5,79.58707640804826,79.58707640804826,0.005171042163882259
P106,sep10_12,n2_mask_noise,5,2,10589,5,5,5,119.48520771248356,119.48520771248356,0.004308656482569526
