participant_code,main_sample,batch_id,rating_sensitivity_base_ge_50hz,note
P001,True,july,False,rating-only exploratory subset; main sample unchanged
P002,True,july,True,rating-only exploratory subset; main sample unchanged
P003,True,july,True,rating-only exploratory subset; main sample unchanged
P004,True,july,True,rating-only exploratory subset; main sample unchanged
P005,True,july,True,rating-only exploratory subset; main sample unchanged
P006,True,july,True,rating-only exploratory subset; main sample unchanged
P007,True,july,True,rating-only exploratory subset; main sample unchanged
P008,True,july,True,rating-only exploratory subset; main sample unchanged
P009,True,july,True,rating-only exploratory subset; main sample unchanged
P010,True,july,True,rating-only exploratory subset; main sample unchanged
P011,True,july,True,rating-only exploratory subset; main sample unchanged
P012,True,july,True,rating-only exploratory subset; main sample unchanged
P013,True,july,True,rating-only exploratory subset; main sample unchanged
P014,True,july,True,rating-only exploratory subset; main sample unchanged
P015,True,july,True,rating-only exploratory subset; main sample unchanged
P016,True,july,True,rating-only exploratory subset; main sample unchanged
P017,True,july,True,rating-only exploratory subset; main sample unchanged
P018,True,july,True,rating-only exploratory subset; main sample unchanged
P019,True,july,True,rating-only exploratory subset; main sample unchanged
P020,True,july,True,rating-only exploratory subset; main sample unchanged
P021,True,july,True,rating-only exploratory subset; main sample unchanged
P022,True,july,True,rating-only exploratory subset; main sample unchanged
P023,True,july,True,rating-only exploratory subset; main sample unchanged
P024,True,july,True,rating-only exploratory subset; main sample unchanged
P025,True,july,True,rating-only exploratory subset; main sample unchanged
P026,True,july,True,rating-only exploratory subset; main sample unchanged
P027,True,july,True,rating-only exploratory subset; main sample unchanged
P028,True,july,True,rating-only exploratory subset; main sample unchanged
P029,True,july,True,rating-only exploratory subset; main sample unchanged
P030,True,july,True,rating-only exploratory subset; main sample unchanged
P031,True,july,True,rating-only exploratory subset; main sample unchanged
P032,True,july,True,rating-only exploratory subset; main sample unchanged
P033,True,july,True,rating-only exploratory subset; main sample unchanged
P034,True,july,True,rating-only exploratory subset; main sample unchanged
P035,True,july,True,rating-only exploratory subset; main sample unchanged
P036,True,july,True,rating-only exploratory subset; main sample unchanged
P037,True,july,True,rating-only exploratory subset; main sample unchanged
P038,True,july,True,rating-only exploratory subset; main sample unchanged
P039,True,july,True,rating-only exploratory subset; main sample unchanged
P040,True,july,True,rating-only exploratory subset; main sample unchanged
P041,True,july,True,rating-only exploratory subset; main sample unchanged
P042,True,july,True,rating-only exploratory subset; main sample unchanged
P043,True,july,True,rating-only exploratory subset; main sample unchanged
P044,True,july,True,rating-only exploratory subset; main sample unchanged
P045,True,july,True,rating-only exploratory subset; main sample unchanged
P046,True,july,True,rating-only exploratory subset; main sample unchanged
P047,True,july,True,rating-only exploratory subset; main sample unchanged
P048,True,july,True,rating-only exploratory subset; main sample unchanged
P049,True,july,True,rating-only exploratory subset; main sample unchanged
P050,True,july,True,rating-only exploratory subset; main sample unchanged
P051,True,july,True,rating-only exploratory subset; main sample unchanged
P052,True,july,True,rating-only exploratory subset; main sample unchanged
P053,True,july,True,rating-only exploratory subset; main sample unchanged
P054,True,july,True,rating-only exploratory subset; main sample unchanged
P055,True,july,True,rating-only exploratory subset; main sample unchanged
P056,True,july,True,rating-only exploratory subset; main sample unchanged
P057,True,sep08,True,rating-only exploratory subset; main sample unchanged
P058,True,sep08,True,rating-only exploratory subset; main sample unchanged
P059,True,sep08,True,rating-only exploratory subset; main sample unchanged
P060,True,sep08,True,rating-only exploratory subset; main sample unchanged
P061,True,sep08,True,rating-only exploratory subset; main sample unchanged
P062,True,sep08,True,rating-only exploratory subset; main sample unchanged
P063,True,sep08,True,rating-only exploratory subset; main sample unchanged
P064,True,sep08,True,rating-only exploratory subset; main sample unchanged
P065,True,sep08,True,rating-only exploratory subset; main sample unchanged
P066,True,sep10_12,True,rating-only exploratory subset; main sample unchanged
P067,True,sep10_12,True,rating-only exploratory subset; main sample unchanged
P068,True,sep10_12,True,rating-only exploratory subset; main sample unchanged
P069,True,sep10_12,True,rating-only exploratory subset; main sample unchanged
P070,True,sep10_12,True,rating-only exploratory subset; main sample unchanged
P071,True,sep10_12,True,rating-only exploratory subset; main sample unchanged
P072,True,sep10_12,True,rating-only exploratory subset; main sample unchanged
P073,True,sep10_12,True,rating-only exploratory subset; main sample unchanged
P074,True,sep10_12,True,rating-only exploratory subset; main sample unchanged
P075,True,sep10_12,True,rating-only exploratory subset; main sample unchanged
P076,True,sep10_12,True,rating-only exploratory subset; main sample unchanged
P077,True,sep10_12,True,rating-only exploratory subset; main sample unchanged
P078,True,sep10_12,True,rating-only exploratory subset; main sample unchanged
P079,True,sep10_12,True,rating-only exploratory subset; main sample unchanged
P080,True,sep10_12,True,rating-only exploratory subset; main sample unchanged
P081,True,sep10_12,True,rating-only exploratory subset; main sample unchanged
P082,True,sep10_12,True,rating-only exploratory subset; main sample unchanged
P083,True,sep10_12,True,rating-only exploratory subset; main sample unchanged
P084,True,sep10_12,True,rating-only exploratory subset; main sample unchanged
P085,True,sep10_12,True,rating-only exploratory subset; main sample unchanged
P086,True,sep10_12,True,rating-only exploratory subset; main sample unchanged
P087,True,sep10_12,True,rating-only exploratory subset; main sample unchanged
P088,True,sep10_12,True,rating-only exploratory subset; main sample unchanged
P089,True,sep10_12,True,rating-only exploratory subset; main sample unchanged
P090,True,sep10_12,True,rating-only exploratory subset; main sample unchanged
P091,True,sep10_12,True,rating-only exploratory subset; main sample unchanged
P092,True,sep10_12,True,rating-only exploratory subset; main sample unchanged
P093,True,sep10_12,True,rating-only exploratory subset; main sample unchanged
P094,True,sep10_12,True,rating-only exploratory subset; main sample unchanged
P095,True,sep10_12,True,rating-only exploratory subset; main sample unchanged
P096,True,sep10_12,True,rating-only exploratory subset; main sample unchanged
P097,True,sep10_12,True,rating-only exploratory subset; main sample unchanged
P098,True,sep10_12,True,rating-only exploratory subset; main sample unchanged
P099,True,sep10_12,True,rating-only exploratory subset; main sample unchanged
P100,True,sep10_12,True,rating-only exploratory subset; main sample unchanged
P101,True,sep10_12,True,rating-only exploratory subset; main sample unchanged
P102,True,sep10_12,True,rating-only exploratory subset; main sample unchanged
P103,True,sep10_12,True,rating-only exploratory subset; main sample unchanged
P104,True,sep10_12,True,rating-only exploratory subset; main sample unchanged
P105,True,sep10_12,True,rating-only exploratory subset; main sample unchanged
P106,True,sep10_12,True,rating-only exploratory subset; main sample unchanged
