participant_code,batch_id,condition,trial_index,condition_repetition,n,requested_n,components,duration_s,accuracy,wpm,cpm,attempted_chars,attempted_letters,correct_chars,correct_letters,total_chars,edit_distance,aligned_target_chars,msd_error_rate,scoring_method,first_key_latency_ms,text_storage_status
P001,july,masked,0,1,4,4,mask+noise+anti-ocr+inversion,20.0,0.972972972972973,21.6,108.0,37,32,36,31,220,1,36,0.02702702702702703,msd_target_prefix_v1,1007.3000000000466,direct_match
P001,july,control,1,1,1,1,none,20.0,0.9555555555555556,25.8,129.0,45,38,43,36,220,2,45,0.044444444444444446,msd_target_prefix_v1,671.8000000000466,direct_match
P001,july,control,2,2,1,1,none,20.0,0.967741935483871,18.0,90.0,31,27,30,26,220,1,31,0.03225806451612903,msd_target_prefix_v1,878.3000000000466,direct_match
P001,july,masked,3,2,4,4,mask+noise+anti-ocr+inversion,20.0,0.975,23.400000000000002,117.0,40,34,39,33,219,1,40,0.025,msd_target_prefix_v1,575.1000000000931,compatible_with_stripped_boundary_spaces
P002,july,control,0,1,1,1,none,20.0,1.0,17.400000000000002,87.0,29,25,29,25,220,0,29,0.0,msd_target_prefix_v1,567.4000000001397,compatible_with_stripped_boundary_spaces
P002,july,masked,1,1,4,4,mask+noise+anti-ocr+inversion,20.0,1.0,16.8,84.0,28,24,28,24,219,0,28,0.0,msd_target_prefix_v1,567.1999999999534,compatible_with_stripped_boundary_spaces
P002,july,masked,2,2,4,4,mask+noise+anti-ocr+inversion,20.0,1.0,16.8,84.0,28,24,28,24,220,0,28,0.0,msd_target_prefix_v1,527.8000000000466,direct_match
P002,july,control,3,2,1,1,none,20.0,1.0,18.6,93.0,31,26,31,26,220,0,31,0.0,msd_target_prefix_v1,390.10000000009313,compatible_with_stripped_boundary_spaces
P003,july,masked,0,1,4,4,mask+noise+anti-ocr+inversion,20.0,0.9655172413793104,16.8,84.0,29,25,28,24,220,1,29,0.034482758620689655,msd_target_prefix_v1,494.89999999990687,direct_match
P003,july,control,1,1,1,1,none,20.0,1.0,24.0,120.0,40,35,40,35,220,0,40,0.0,msd_target_prefix_v1,462.89999999990687,direct_match
P003,july,control,2,2,1,1,none,20.0,1.0,22.8,114.0,38,32,38,32,220,0,38,0.0,msd_target_prefix_v1,487.6999999997206,compatible_with_stripped_boundary_spaces
P003,july,masked,3,2,4,4,mask+noise+anti-ocr+inversion,20.0,1.0,24.599999999999998,123.0,41,35,41,35,220,0,41,0.0,msd_target_prefix_v1,398.89999999990687,direct_match
P004,july,control,0,1,1,1,none,20.0,0.875,16.8,84.0,32,27,28,24,220,4,32,0.125,msd_target_prefix_v1,295.10000000009313,compatible_with_stripped_boundary_spaces
P004,july,masked,1,1,4,4,mask+noise+anti-ocr+inversion,20.0,0.9189189189189189,21.0,105.0,37,32,35,30,220,3,37,0.08108108108108109,msd_target_prefix_v1,719.6000000000931,direct_match
P004,july,masked,2,2,4,4,mask+noise+anti-ocr+inversion,20.0,0.9523809523809523,24.0,120.0,42,37,40,35,220,2,41,0.047619047619047616,msd_target_prefix_v1,518.5,direct_match
P004,july,control,3,2,1,1,none,20.0,0.90625,17.400000000000002,87.0,31,26,29,24,219,3,32,0.09375,msd_target_prefix_v1,558.6000000000931,direct_match
P005,july,masked,0,1,4,4,mask+noise+anti-ocr+inversion,20.0,0.96875,18.6,93.0,32,28,31,27,220,1,32,0.03125,msd_target_prefix_v1,295.1999999997206,direct_match
P005,july,control,1,1,1,1,none,20.0,0.9230769230769231,14.4,72.0,26,22,24,21,220,2,25,0.07692307692307693,msd_target_prefix_v1,439.10000000009313,compatible_with_stripped_boundary_spaces
P005,july,control,2,2,1,1,none,20.0,0.9523809523809523,12.0,60.0,21,17,20,17,220,1,21,0.047619047619047616,msd_target_prefix_v1,264.10000000009313,compatible_with_stripped_boundary_spaces
P005,july,masked,3,2,4,4,mask+noise+anti-ocr+inversion,20.0,0.96,14.4,72.0,25,21,24,20,220,1,25,0.04,msd_target_prefix_v1,407.29999999981374,compatible_with_stripped_boundary_spaces
P006,july,control,0,1,1,1,none,20.0,1.0,23.400000000000002,117.0,39,34,39,34,220,0,39,0.0,msd_target_prefix_v1,407.20000000018626,direct_match
P006,july,masked,1,1,4,4,mask+noise+anti-ocr+inversion,20.0,0.9459459459459459,21.0,105.0,37,31,35,29,220,2,37,0.05405405405405406,msd_target_prefix_v1,327.60000000009313,direct_match
P006,july,masked,2,2,4,4,mask+noise+anti-ocr+inversion,20.0,0.8974358974358975,21.0,105.0,39,32,35,28,220,4,38,0.10256410256410256,msd_target_prefix_v1,327.79999999981374,compatible_with_stripped_boundary_spaces
P006,july,control,3,2,1,1,none,20.0,1.0,24.0,120.0,40,34,40,34,220,0,40,0.0,msd_target_prefix_v1,342.5,direct_match
P007,july,masked,0,1,4,4,mask+noise+anti-ocr+inversion,20.0,0.9375,18.0,90.0,32,28,30,26,220,2,32,0.0625,msd_target_prefix_v1,1358.2999999998137,direct_match
P007,july,control,1,1,1,1,none,20.0,1.0,19.200000000000003,96.0,32,28,32,28,220,0,32,0.0,msd_target_prefix_v1,1743.0,direct_match
P007,july,control,2,2,1,1,none,20.0,1.0,24.0,120.0,40,33,40,33,220,0,40,0.0,msd_target_prefix_v1,303.0,direct_match
P007,july,masked,3,2,4,4,mask+noise+anti-ocr+inversion,20.0,1.0,19.8,99.0,33,28,33,28,220,0,33,0.0,msd_target_prefix_v1,431.69999999925494,compatible_with_stripped_boundary_spaces
P008,july,control,0,1,1,1,none,20.0,1.0,13.799999999999999,69.0,23,20,23,20,220,0,23,0.0,msd_target_prefix_v1,1431.2999999998137,direct_match
P008,july,masked,1,1,4,4,mask+noise+anti-ocr+inversion,20.0,1.0,14.4,72.0,24,20,24,20,220,0,24,0.0,msd_target_prefix_v1,614.9000000003725,direct_match
P008,july,masked,2,2,4,4,mask+noise+anti-ocr+inversion,20.0,0.9565217391304348,13.200000000000001,66.0,22,20,22,20,220,1,23,0.043478260869565216,msd_target_prefix_v1,511.09999999962747,direct_match
P008,july,control,3,2,1,1,none,20.0,1.0,16.8,84.0,28,24,28,24,220,0,28,0.0,msd_target_prefix_v1,2159.0,compatible_with_stripped_boundary_spaces
P009,july,masked,0,1,4,4,mask+noise+anti-ocr+inversion,20.0,1.0,16.8,84.0,28,24,28,24,220,0,28,0.0,msd_target_prefix_v1,350.69999999925494,compatible_with_stripped_boundary_spaces
P009,july,control,1,1,1,1,none,20.0,1.0,20.400000000000002,102.0,34,29,34,29,220,0,34,0.0,msd_target_prefix_v1,311.5,direct_match
P009,july,control,2,2,1,1,none,20.0,1.0,20.400000000000002,102.0,34,29,34,29,220,0,34,0.0,msd_target_prefix_v1,295.1000000005588,direct_match
P009,july,masked,3,2,4,4,mask+noise+anti-ocr+inversion,20.0,0.9696969696969697,19.200000000000003,96.0,32,27,32,27,220,1,33,0.030303030303030304,msd_target_prefix_v1,319.40000000037253,direct_match
P010,july,control,0,1,1,1,none,20.0,0.95,22.8,114.0,40,34,38,32,220,2,40,0.05,msd_target_prefix_v1,670.5,direct_match
P010,july,masked,1,1,4,4,mask+noise+anti-ocr+inversion,20.0,0.9722222222222222,21.0,105.0,36,31,35,30,219,1,35,0.027777777777777776,msd_target_prefix_v1,399.20000000018626,direct_match
P010,july,masked,2,2,4,4,mask+noise+anti-ocr+inversion,20.0,1.0,22.200000000000003,111.0,37,31,37,31,220,0,37,0.0,msd_target_prefix_v1,1014.4000000003725,compatible_with_stripped_boundary_spaces
P010,july,control,3,2,1,1,none,20.0,0.9375,18.0,90.0,32,27,30,25,220,2,32,0.0625,msd_target_prefix_v1,1246.7999999998137,direct_match
P011,july,masked,0,1,4,4,mask+noise+anti-ocr+inversion,20.0,0.7941176470588236,16.200000000000003,81.0,34,28,27,22,220,7,28,0.20588235294117646,msd_target_prefix_v1,454.59999999962747,direct_match
P011,july,control,1,1,1,1,none,20.0,1.0,17.400000000000002,87.0,29,25,29,25,219,0,29,0.0,msd_target_prefix_v1,534.2000000001863,compatible_with_stripped_boundary_spaces
P011,july,control,2,2,1,1,none,20.0,1.0,19.200000000000003,96.0,32,27,32,27,219,0,32,0.0,msd_target_prefix_v1,559.9000000003725,direct_match
P011,july,masked,3,2,4,4,mask+noise+anti-ocr+inversion,20.0,1.0,18.0,90.0,30,25,30,25,220,0,30,0.0,msd_target_prefix_v1,551.1000000005588,compatible_with_stripped_boundary_spaces
P012,july,control,0,1,1,1,none,20.0,1.0,24.599999999999998,123.0,41,35,41,35,220,0,41,0.0,msd_target_prefix_v1,511.29999999981374,compatible_with_stripped_boundary_spaces
P012,july,masked,1,1,4,4,mask+noise+anti-ocr+inversion,20.0,0.9761904761904762,24.599999999999998,123.0,42,35,41,34,220,1,42,0.023809523809523808,msd_target_prefix_v1,391.6000000005588,direct_match
P012,july,masked,2,2,4,4,mask+noise+anti-ocr+inversion,20.0,0.9555555555555556,25.8,129.0,45,38,43,36,219,2,43,0.044444444444444446,msd_target_prefix_v1,374.70000000018626,compatible_with_stripped_boundary_spaces
P012,july,control,3,2,1,1,none,20.0,0.9795918367346939,28.8,144.0,49,41,48,40,220,1,49,0.02040816326530612,msd_target_prefix_v1,447.09999999962747,compatible_with_stripped_boundary_spaces
P013,july,masked,0,1,4,4,mask+noise+anti-ocr+inversion,20.0,0.9333333333333333,16.8,84.0,30,26,28,24,219,2,29,0.06666666666666667,msd_target_prefix_v1,463.20000000018626,direct_match
P013,july,control,1,1,1,1,none,20.0,1.0,18.6,93.0,31,27,31,27,219,0,31,0.0,msd_target_prefix_v1,511.09999999962747,direct_match
P013,july,control,2,2,1,1,none,20.0,1.0,22.200000000000003,111.0,37,32,37,32,220,0,37,0.0,msd_target_prefix_v1,439.19999999925494,direct_match
P013,july,masked,3,2,4,4,mask+noise+anti-ocr+inversion,20.0,1.0,20.400000000000002,102.0,34,29,34,29,220,0,34,0.0,msd_target_prefix_v1,143.59999999962747,direct_match
P014,july,control,0,1,1,1,none,20.0,1.0,42.6,213.0,71,60,71,60,220,0,71,0.0,msd_target_prefix_v1,303.40000000037253,direct_match
P014,july,masked,1,1,4,4,mask+noise+anti-ocr+inversion,20.0,0.9885057471264368,51.6,258.0,87,74,86,73,220,1,87,0.011494252873563218,msd_target_prefix_v1,255.20000000018626,direct_match
P014,july,masked,2,2,4,4,mask+noise+anti-ocr+inversion,20.0,0.9861111111111112,42.6,213.0,72,61,71,60,220,1,72,0.013888888888888888,msd_target_prefix_v1,294.80000000074506,compatible_with_stripped_boundary_spaces
P014,july,control,3,2,1,1,none,20.0,0.9726027397260274,42.6,213.0,72,61,71,60,220,2,73,0.0273972602739726,msd_target_prefix_v1,407.29999999981374,compatible_with_stripped_boundary_spaces
P015,july,masked,0,1,4,4,mask+noise+anti-ocr+inversion,20.0,0.9166666666666666,13.200000000000001,66.0,24,21,22,19,220,2,24,0.08333333333333333,msd_target_prefix_v1,695.0,direct_match
P015,july,control,1,1,1,1,none,20.0,0.9583333333333334,13.799999999999999,69.0,23,20,23,20,219,1,24,0.041666666666666664,msd_target_prefix_v1,599.5999999996275,direct_match
P015,july,control,2,2,1,1,none,20.0,1.0,15.0,75.0,25,21,25,21,220,0,25,0.0,msd_target_prefix_v1,671.8999999985099,compatible_with_stripped_boundary_spaces
P015,july,masked,3,2,4,4,mask+noise+anti-ocr+inversion,20.0,0.8333333333333334,12.600000000000001,63.0,24,22,21,19,220,4,24,0.16666666666666666,msd_target_prefix_v1,383.69999999925494,direct_match
P016,july,control,0,1,1,1,none,20.0,0.9743589743589743,22.8,114.0,38,32,38,32,220,1,39,0.02564102564102564,msd_target_prefix_v1,479.09999999962747,direct_match
P016,july,masked,1,1,4,4,mask+noise+anti-ocr+inversion,20.0,0.9583333333333334,13.799999999999999,69.0,24,21,23,20,220,1,24,0.041666666666666664,msd_target_prefix_v1,1023.6999999992549,direct_match
P016,july,masked,2,2,4,4,mask+noise+anti-ocr+inversion,20.0,1.0,15.0,75.0,25,21,25,21,220,0,25,0.0,msd_target_prefix_v1,2287.5,direct_match
P016,july,control,3,2,1,1,none,20.0,1.0,19.200000000000003,96.0,32,27,32,27,220,0,32,0.0,msd_target_prefix_v1,519.5,direct_match
P017,july,masked,0,1,4,4,mask+noise+anti-ocr+inversion,20.0,0.96875,18.6,93.0,31,28,31,28,220,1,32,0.03125,msd_target_prefix_v1,335.30000000074506,direct_match
P017,july,control,1,1,1,1,none,20.0,1.0,24.599999999999998,123.0,41,35,41,35,219,0,41,0.0,msd_target_prefix_v1,319.40000000037253,direct_match
P017,july,control,2,2,1,1,none,20.0,1.0,24.0,120.0,40,35,40,35,220,0,40,0.0,msd_target_prefix_v1,367.0,direct_match
P017,july,masked,3,2,4,4,mask+noise+anti-ocr+inversion,20.0,1.0,22.200000000000003,111.0,37,32,37,32,220,0,37,0.0,msd_target_prefix_v1,471.0,direct_match
P018,july,control,0,1,1,1,none,20.0,1.0,10.8,54.0,18,16,18,16,219,0,18,0.0,msd_target_prefix_v1,3927.0999999996275,direct_match
P018,july,masked,1,1,4,4,mask+noise+anti-ocr+inversion,20.0,0.962962962962963,15.600000000000001,78.0,27,23,26,22,220,1,27,0.037037037037037035,msd_target_prefix_v1,455.30000000074506,direct_match
P018,july,masked,2,2,4,4,mask+noise+anti-ocr+inversion,20.0,0.9583333333333334,13.799999999999999,69.0,24,21,23,20,219,1,23,0.041666666666666664,msd_target_prefix_v1,1143.4000000003725,compatible_with_stripped_boundary_spaces
P018,july,control,3,2,1,1,none,20.0,1.0,18.0,90.0,30,26,30,26,220,0,30,0.0,msd_target_prefix_v1,454.30000000074506,direct_match
P019,july,masked,0,1,4,4,mask+noise+anti-ocr+inversion,20.0,0.736842105263158,8.4,42.0,19,16,14,12,220,5,17,0.2631578947368421,msd_target_prefix_v1,1359.300000000745,direct_match
P019,july,control,1,1,1,1,none,20.0,0.967741935483871,18.0,90.0,31,27,30,26,219,1,31,0.03225806451612903,msd_target_prefix_v1,1367.199999999255,direct_match
P019,july,control,2,2,1,1,none,20.0,0.935483870967742,17.400000000000002,87.0,31,26,29,24,220,2,31,0.06451612903225806,msd_target_prefix_v1,351.90000000037253,direct_match
P019,july,masked,3,2,4,4,mask+noise+anti-ocr+inversion,20.0,1.0,22.8,114.0,38,32,38,32,220,0,38,0.0,msd_target_prefix_v1,943.4000000003725,direct_match
P020,july,masked,0,1,4,4,mask+noise+anti-ocr+inversion,20.0,0.9830508474576272,34.800000000000004,174.0,59,50,58,49,220,1,59,0.01694915254237288,msd_target_prefix_v1,1007.3000000007451,compatible_with_stripped_boundary_spaces
P020,july,control,1,1,1,1,none,20.0,0.9230769230769231,28.8,144.0,52,44,48,40,220,4,49,0.07692307692307693,msd_target_prefix_v1,367.90000000037253,compatible_with_stripped_boundary_spaces
P020,july,control,2,2,1,1,none,20.0,0.9069767441860466,24.0,120.0,43,37,40,34,220,4,43,0.09302325581395349,msd_target_prefix_v1,295.0,direct_match
P020,july,masked,3,2,4,4,mask+noise+anti-ocr+inversion,20.0,0.9767441860465116,25.200000000000003,126.0,43,37,42,36,220,1,43,0.023255813953488372,msd_target_prefix_v1,431.1000000014901,direct_match
P021,july,control,0,1,1,1,none,20.0,0.9615384615384616,15.0,75.0,26,23,25,22,220,1,25,0.038461538461538464,msd_target_prefix_v1,926.3000000007451,direct_match
P021,july,masked,1,1,4,4,mask+noise+anti-ocr+inversion,20.0,0.962962962962963,15.600000000000001,78.0,27,24,26,23,220,1,26,0.037037037037037035,msd_target_prefix_v1,1655.699999999255,direct_match
P021,july,masked,2,2,4,4,mask+noise+anti-ocr+inversion,20.0,0.9565217391304348,13.200000000000001,66.0,23,20,22,19,220,1,23,0.043478260869565216,msd_target_prefix_v1,1063.800000000745,direct_match
P021,july,control,3,2,1,1,none,20.0,0.896551724137931,15.600000000000001,78.0,29,25,26,22,220,3,28,0.10344827586206896,msd_target_prefix_v1,511.5,direct_match
P022,july,masked,0,1,4,4,mask+noise+anti-ocr+inversion,20.0,1.0,25.200000000000003,126.0,42,36,42,36,220,0,42,0.0,msd_target_prefix_v1,943.6000000014901,direct_match
P022,july,control,1,1,1,1,none,20.0,0.8780487804878049,21.6,108.0,41,35,36,30,220,5,41,0.12195121951219512,msd_target_prefix_v1,165.89999999850988,direct_match
P022,july,control,2,2,1,1,none,20.0,0.9545454545454546,25.200000000000003,126.0,44,37,42,35,220,2,44,0.045454545454545456,msd_target_prefix_v1,190.90000000223517,compatible_with_stripped_boundary_spaces
P022,july,masked,3,2,4,4,mask+noise+anti-ocr+inversion,20.0,0.9473684210526316,21.6,108.0,37,32,36,31,220,2,38,0.05263157894736842,msd_target_prefix_v1,1566.8999999985099,direct_match
P023,july,control,0,1,1,1,none,20.0,0.96875,18.6,93.0,32,27,31,26,220,1,32,0.03125,msd_target_prefix_v1,775.8000000007451,compatible_with_stripped_boundary_spaces
P023,july,masked,1,1,4,4,mask+noise+anti-ocr+inversion,20.0,0.9655172413793104,16.8,84.0,29,25,28,24,220,1,29,0.034482758620689655,msd_target_prefix_v1,447.1000000014901,direct_match
P023,july,masked,2,2,4,4,mask+noise+anti-ocr+inversion,20.0,0.9285714285714286,15.600000000000001,78.0,28,24,26,22,220,2,28,0.07142857142857142,msd_target_prefix_v1,438.8999999985099,direct_match
P023,july,control,3,2,1,1,none,20.0,0.8125,15.600000000000001,78.0,32,27,26,21,220,6,32,0.1875,msd_target_prefix_v1,311.19999999925494,direct_match
P024,july,masked,0,1,4,4,mask+noise+anti-ocr+inversion,20.0,0.75,12.600000000000001,63.0,22,19,21,18,220,7,28,0.25,msd_target_prefix_v1,719.0,direct_match
P024,july,control,1,1,1,1,none,20.0,0.9666666666666667,17.400000000000002,87.0,30,25,29,24,220,1,30,0.03333333333333333,msd_target_prefix_v1,1263.8999999985099,compatible_with_stripped_boundary_spaces
P024,july,control,2,2,1,1,none,20.0,1.0,11.4,57.0,19,17,19,17,220,0,19,0.0,msd_target_prefix_v1,1615.300000000745,direct_match
P024,july,masked,3,2,4,4,mask+noise+anti-ocr+inversion,20.0,0.9310344827586207,16.200000000000003,81.0,29,24,27,22,220,2,29,0.06896551724137931,msd_target_prefix_v1,1510.0999999977648,compatible_with_stripped_boundary_spaces
P025,july,control,0,1,1,1,none,20.0,1.0,17.400000000000002,87.0,29,25,29,25,220,0,29,0.0,msd_target_prefix_v1,1359.1000000014901,direct_match
P025,july,masked,1,1,4,4,mask+noise+anti-ocr+inversion,20.0,0.75,10.8,54.0,24,21,18,15,220,6,24,0.25,msd_target_prefix_v1,1870.800000000745,direct_match
P025,july,masked,2,2,4,4,mask+noise+anti-ocr+inversion,20.0,1.0,15.0,75.0,25,22,25,22,219,0,25,0.0,msd_target_prefix_v1,487.79999999701977,direct_match
P025,july,control,3,2,1,1,none,20.0,1.0,19.200000000000003,96.0,32,27,32,27,219,0,32,0.0,msd_target_prefix_v1,1711.800000000745,direct_match
P026,july,masked,0,1,4,4,mask+noise+anti-ocr+inversion,20.0,0.7083333333333333,10.200000000000001,51.0,24,20,17,13,220,7,23,0.2916666666666667,msd_target_prefix_v1,2615.599999997765,compatible_with_stripped_boundary_spaces
P026,july,control,1,1,1,1,none,20.0,0.975609756097561,24.0,120.0,41,36,40,35,219,1,40,0.024390243902439025,msd_target_prefix_v1,878.8000000007451,direct_match
P026,july,control,2,2,1,1,none,20.0,1.0,24.599999999999998,123.0,41,35,41,35,220,0,41,0.0,msd_target_prefix_v1,823.3000000007451,direct_match
P026,july,masked,3,2,4,4,mask+noise+anti-ocr+inversion,20.0,0.9743589743589743,22.8,114.0,39,33,38,32,220,1,39,0.02564102564102564,msd_target_prefix_v1,686.9000000022352,direct_match
P027,july,masked,0,1,4,4,mask+noise+anti-ocr+inversion,20.0,0.8181818181818181,16.200000000000003,81.0,33,28,27,22,220,6,33,0.18181818181818182,msd_target_prefix_v1,1831.2000000029802,direct_match
P027,july,control,1,1,1,1,none,20.0,0.975609756097561,24.0,120.0,41,34,40,33,220,1,41,0.024390243902439025,msd_target_prefix_v1,839.0,compatible_with_stripped_boundary_spaces
P027,july,control,2,2,1,1,none,20.0,0.9772727272727273,25.8,129.0,44,37,43,36,220,1,44,0.022727272727272728,msd_target_prefix_v1,543.0,direct_match
P027,july,masked,3,2,4,4,mask+noise+anti-ocr+inversion,20.0,1.0,22.200000000000003,111.0,37,32,37,32,219,0,37,0.0,msd_target_prefix_v1,551.6999999992549,direct_match
P028,july,control,0,1,1,1,none,20.0,1.0,18.6,93.0,31,27,31,27,220,0,31,0.0,msd_target_prefix_v1,543.3000000007451,direct_match
P028,july,masked,1,1,4,4,mask+noise+anti-ocr+inversion,20.0,0.962962962962963,15.600000000000001,78.0,27,22,26,22,220,1,27,0.037037037037037035,msd_target_prefix_v1,3415.400000002235,compatible_with_stripped_boundary_spaces
P028,july,masked,2,2,4,4,mask+noise+anti-ocr+inversion,20.0,1.0,19.200000000000003,96.0,32,28,32,28,220,0,32,0.0,msd_target_prefix_v1,639.0,direct_match
P028,july,control,3,2,1,1,none,20.0,1.0,21.0,105.0,35,30,35,30,220,0,35,0.0,msd_target_prefix_v1,1463.699999999255,compatible_with_stripped_boundary_spaces
P029,july,masked,0,1,4,4,mask+noise+anti-ocr+inversion,20.0,0.9696969696969697,19.200000000000003,96.0,33,28,32,27,220,1,33,0.030303030303030304,msd_target_prefix_v1,335.3999999985099,direct_match
P029,july,control,1,1,1,1,none,20.0,1.0,18.6,93.0,31,27,31,27,219,0,31,0.0,msd_target_prefix_v1,1598.300000000745,direct_match
P029,july,control,2,2,1,1,none,20.0,1.0,17.400000000000002,87.0,29,25,29,25,220,0,29,0.0,msd_target_prefix_v1,1686.7999999970198,direct_match
P029,july,masked,3,2,4,4,mask+noise+anti-ocr+inversion,20.0,0.8695652173913043,12.600000000000001,63.0,22,21,21,20,220,3,23,0.13043478260869565,msd_target_prefix_v1,2015.6000000014901,direct_match
P030,july,control,0,1,1,1,none,20.0,1.0,18.0,90.0,30,26,30,26,220,0,30,0.0,msd_target_prefix_v1,535.0,direct_match
P030,july,masked,1,1,4,4,mask+noise+anti-ocr+inversion,20.0,0.935483870967742,17.400000000000002,87.0,31,27,29,25,220,2,30,0.06451612903225806,msd_target_prefix_v1,727.7999999970198,direct_match
P030,july,masked,2,2,4,4,mask+noise+anti-ocr+inversion,20.0,0.9696969696969697,19.200000000000003,96.0,33,28,32,27,220,1,33,0.030303030303030304,msd_target_prefix_v1,1126.7999999970198,direct_match
P030,july,control,3,2,1,1,none,20.0,0.9285714285714286,15.600000000000001,78.0,27,23,26,22,220,2,28,0.07142857142857142,msd_target_prefix_v1,743.5,direct_match
P031,july,control,0,1,1,1,none,20.0,0.9411764705882353,19.200000000000003,96.0,34,29,32,27,220,2,34,0.058823529411764705,msd_target_prefix_v1,663.3000000007451,compatible_with_stripped_boundary_spaces
P031,july,masked,1,1,4,4,mask+noise+anti-ocr+inversion,20.0,0.9459459459459459,21.0,105.0,37,32,35,30,220,2,36,0.05405405405405406,msd_target_prefix_v1,342.8999999985099,direct_match
P031,july,masked,2,2,4,4,mask+noise+anti-ocr+inversion,20.0,0.8484848484848485,17.400000000000002,87.0,33,28,29,24,220,5,32,0.15151515151515152,msd_target_prefix_v1,511.19999999925494,direct_match
P031,july,control,3,2,1,1,none,20.0,0.532258064516129,20.400000000000002,102.0,62,56,34,29,220,29,52,0.46774193548387094,msd_target_prefix_v1,431.1000000014901,compatible_with_stripped_boundary_spaces
P032,july,control,0,1,1,1,none,20.0,0.96875,18.6,93.0,32,28,31,27,219,1,31,0.03125,msd_target_prefix_v1,415.4000000000233,direct_match
P032,july,masked,1,1,4,4,mask+noise+anti-ocr+inversion,20.0,1.0,22.200000000000003,111.0,37,32,37,32,220,0,37,0.0,msd_target_prefix_v1,519.5999999999767,direct_match
P032,july,masked,2,2,4,4,mask+noise+anti-ocr+inversion,20.0,0.9736842105263158,22.200000000000003,111.0,38,32,37,31,220,1,38,0.02631578947368421,msd_target_prefix_v1,446.80000000004657,direct_match
P032,july,control,3,2,1,1,none,20.0,1.0,23.400000000000002,117.0,39,33,39,33,220,0,39,0.0,msd_target_prefix_v1,446.80000000004657,direct_match
P033,july,masked,0,1,4,4,mask+noise+anti-ocr+inversion,20.0,0.6756756756756757,15.0,75.0,37,32,25,20,220,12,33,0.32432432432432434,msd_target_prefix_v1,375.19999999995343,direct_match
P033,july,control,1,1,1,1,none,20.0,0.9743589743589743,22.8,114.0,39,33,38,32,220,1,38,0.02564102564102564,msd_target_prefix_v1,1103.0,compatible_with_stripped_boundary_spaces
P033,july,control,2,2,1,1,none,20.0,1.0,24.599999999999998,123.0,41,35,41,35,220,0,41,0.0,msd_target_prefix_v1,486.30000000004657,compatible_with_stripped_boundary_spaces
P033,july,masked,3,2,4,4,mask+noise+anti-ocr+inversion,20.0,0.9,16.8,84.0,30,26,28,24,220,3,30,0.1,msd_target_prefix_v1,463.5,direct_match
P034,july,control,0,1,1,1,none,20.0,0.7272727272727273,14.4,72.0,33,30,24,21,220,9,29,0.2727272727272727,msd_target_prefix_v1,398.9000000001397,direct_match
P034,july,masked,1,1,4,4,mask+noise+anti-ocr+inversion,20.0,0.8,15.600000000000001,78.0,30,26,26,23,220,6,29,0.2,msd_target_prefix_v1,599.8000000000466,direct_match
P034,july,masked,2,2,4,4,mask+noise+anti-ocr+inversion,20.0,0.9375,18.0,90.0,32,28,30,26,220,2,32,0.0625,msd_target_prefix_v1,335.0,direct_match
P034,july,control,3,2,1,1,none,20.0,0.8846153846153846,14.4,72.0,26,22,24,20,220,3,26,0.11538461538461539,msd_target_prefix_v1,719.6999999999534,compatible_with_stripped_boundary_spaces
P035,july,masked,0,1,4,4,mask+noise+anti-ocr+inversion,20.0,1.0,16.200000000000003,81.0,27,23,27,23,220,0,27,0.0,msd_target_prefix_v1,463.19999999995343,compatible_with_stripped_boundary_spaces
P035,july,control,1,1,1,1,none,20.0,0.88,13.200000000000001,66.0,25,22,22,19,220,3,25,0.12,msd_target_prefix_v1,535.6999999999534,direct_match
P035,july,control,2,2,1,1,none,20.0,1.0,10.200000000000001,51.0,17,15,17,15,220,0,17,0.0,msd_target_prefix_v1,1190.2000000001863,direct_match
P035,july,masked,3,2,4,4,mask+noise+anti-ocr+inversion,20.0,0.7777777777777778,12.600000000000001,63.0,21,19,21,19,220,6,27,0.2222222222222222,msd_target_prefix_v1,598.7999999998137,direct_match
P036,july,control,0,1,1,1,none,20.0,1.0,21.6,108.0,36,31,36,31,219,0,36,0.0,msd_target_prefix_v1,390.89999999990687,direct_match
P036,july,masked,1,1,4,4,mask+noise+anti-ocr+inversion,20.0,0.9393939393939394,18.6,93.0,33,29,31,27,220,2,32,0.06060606060606061,msd_target_prefix_v1,455.79999999981374,direct_match
P036,july,masked,2,2,4,4,mask+noise+anti-ocr+inversion,20.0,1.0,15.0,75.0,25,22,25,22,220,0,25,0.0,msd_target_prefix_v1,1727.0,direct_match
P036,july,control,3,2,1,1,none,20.0,1.0,18.6,93.0,31,27,31,27,219,0,31,0.0,msd_target_prefix_v1,383.0,compatible_with_stripped_boundary_spaces
P037,july,masked,0,1,4,4,mask+noise+anti-ocr+inversion,20.0,0.9615384615384616,15.0,75.0,26,22,25,21,220,1,26,0.038461538461538464,msd_target_prefix_v1,502.39999999990687,direct_match
P037,july,control,1,1,1,1,none,20.0,1.0,16.8,84.0,28,24,28,24,220,0,28,0.0,msd_target_prefix_v1,966.2999999998137,compatible_with_stripped_boundary_spaces
P037,july,control,2,2,1,1,none,20.0,1.0,16.200000000000003,81.0,27,23,27,23,220,0,27,0.0,msd_target_prefix_v1,463.5,direct_match
P037,july,masked,3,2,4,4,mask+noise+anti-ocr+inversion,20.0,1.0,16.200000000000003,81.0,27,23,27,23,220,0,27,0.0,msd_target_prefix_v1,566.7999999998137,direct_match
P038,july,control,0,1,1,1,none,20.0,1.0,20.400000000000002,102.0,34,29,34,29,220,0,34,0.0,msd_target_prefix_v1,1479.6000000000931,direct_match
P038,july,masked,1,1,4,4,mask+noise+anti-ocr+inversion,20.0,1.0,20.400000000000002,102.0,34,29,34,29,220,0,34,0.0,msd_target_prefix_v1,1519.6000000000931,direct_match
P038,july,masked,2,2,4,4,mask+noise+anti-ocr+inversion,20.0,1.0,24.0,120.0,40,34,40,34,220,0,40,0.0,msd_target_prefix_v1,702.3999999999069,direct_match
P038,july,control,3,2,1,1,none,20.0,1.0,21.6,108.0,36,31,36,31,220,0,36,0.0,msd_target_prefix_v1,358.39999999990687,direct_match
P039,july,control,0,1,1,1,none,20.0,0.8235294117647058,17.400000000000002,87.0,34,30,29,25,220,6,33,0.17647058823529413,msd_target_prefix_v1,1014.9000000003725,direct_match
P039,july,masked,1,1,4,4,mask+noise+anti-ocr+inversion,20.0,0.9333333333333333,16.8,84.0,30,26,28,24,219,2,30,0.06666666666666667,msd_target_prefix_v1,855.1000000005588,direct_match
P039,july,masked,2,2,4,4,mask+noise+anti-ocr+inversion,20.0,0.8611111111111112,19.200000000000003,96.0,36,31,32,27,220,5,36,0.1388888888888889,msd_target_prefix_v1,1071.5,direct_match
P039,july,control,3,2,1,1,none,20.0,1.0,23.400000000000002,117.0,39,34,39,34,220,0,39,0.0,msd_target_prefix_v1,415.59999999962747,direct_match
P040,july,masked,0,1,4,4,mask+noise+anti-ocr+inversion,20.0,0.9821428571428571,33.0,165.0,56,48,55,47,220,1,56,0.017857142857142856,msd_target_prefix_v1,463.3999999985099,direct_match
P040,july,control,1,1,1,1,none,20.0,0.9830508474576272,34.800000000000004,174.0,58,50,58,50,220,1,59,0.01694915254237288,msd_target_prefix_v1,278.40000000037253,direct_match
P040,july,control,2,2,1,1,none,20.0,1.0,36.6,183.0,61,53,61,53,220,0,61,0.0,msd_target_prefix_v1,487.69999999925494,direct_match
P040,july,masked,3,2,4,4,mask+noise+anti-ocr+inversion,20.0,1.0,29.400000000000002,147.0,49,42,49,42,220,0,49,0.0,msd_target_prefix_v1,638.5999999996275,direct_match
P041,july,control,0,1,1,1,none,20.0,1.0,14.4,72.0,24,20,24,20,220,0,24,0.0,msd_target_prefix_v1,694.5999999996275,compatible_with_stripped_boundary_spaces
P041,july,masked,1,1,4,4,mask+noise+anti-ocr+inversion,20.0,1.0,17.400000000000002,87.0,29,25,29,25,219,0,29,0.0,msd_target_prefix_v1,839.3000000007451,direct_match
P041,july,masked,2,2,4,4,mask+noise+anti-ocr+inversion,20.0,1.0,19.8,99.0,33,28,33,28,220,0,33,0.0,msd_target_prefix_v1,351.0,direct_match
P041,july,control,3,2,1,1,none,20.0,1.0,14.4,72.0,24,21,24,21,220,0,24,0.0,msd_target_prefix_v1,431.59999999962747,direct_match
P042,july,masked,0,1,4,4,mask+noise+anti-ocr+inversion,20.0,0.9714285714285714,20.400000000000002,102.0,35,30,34,29,220,1,35,0.02857142857142857,msd_target_prefix_v1,1749.699999999255,direct_match
P042,july,control,1,1,1,1,none,20.0,1.0,21.0,105.0,35,31,35,31,220,0,35,0.0,msd_target_prefix_v1,1791.9000000003725,direct_match
P042,july,control,2,2,1,1,none,20.0,1.0,23.400000000000002,117.0,39,33,39,33,220,0,39,0.0,msd_target_prefix_v1,1703.4000000003725,compatible_with_stripped_boundary_spaces
P042,july,masked,3,2,4,4,mask+noise+anti-ocr+inversion,20.0,0.972972972972973,21.6,108.0,37,32,36,31,220,1,37,0.02702702702702703,msd_target_prefix_v1,1463.199999999255,direct_match
P043,july,control,0,1,1,1,none,20.0,1.0,19.8,99.0,33,28,33,28,220,0,33,0.0,msd_target_prefix_v1,342.80000000074506,direct_match
P043,july,masked,1,1,4,4,mask+noise+anti-ocr+inversion,20.0,1.0,18.0,90.0,30,26,30,26,220,0,30,0.0,msd_target_prefix_v1,503.09999999962747,direct_match
P043,july,masked,2,2,4,4,mask+noise+anti-ocr+inversion,20.0,0.967741935483871,18.0,90.0,31,27,30,26,220,1,31,0.03225806451612903,msd_target_prefix_v1,390.69999999925494,direct_match
P043,july,control,3,2,1,1,none,20.0,0.9666666666666667,17.400000000000002,87.0,30,26,29,25,220,1,30,0.03333333333333333,msd_target_prefix_v1,847.5,direct_match
P044,july,masked,0,1,4,4,mask+noise+anti-ocr+inversion,20.0,1.0,19.8,99.0,33,27,33,27,219,0,33,0.0,msd_target_prefix_v1,1231.0,compatible_with_stripped_boundary_spaces
P044,july,control,1,1,1,1,none,20.0,1.0,23.400000000000002,117.0,39,33,39,33,220,0,39,0.0,msd_target_prefix_v1,1022.9000000003725,direct_match
P044,july,control,2,2,1,1,none,20.0,1.0,21.6,108.0,36,31,36,31,220,0,36,0.0,msd_target_prefix_v1,1014.9000000003725,direct_match
P044,july,masked,3,2,4,4,mask+noise+anti-ocr+inversion,20.0,1.0,19.8,99.0,33,28,33,28,220,0,33,0.0,msd_target_prefix_v1,1359.3999999985099,direct_match
P045,july,control,0,1,1,1,none,20.0,0.9811320754716981,31.200000000000003,156.0,53,45,52,44,220,1,53,0.018867924528301886,msd_target_prefix_v1,1078.699999999255,direct_match
P045,july,masked,1,1,4,4,mask+noise+anti-ocr+inversion,20.0,0.9512195121951219,23.400000000000002,117.0,41,35,39,33,220,2,41,0.04878048780487805,msd_target_prefix_v1,806.0,direct_match
P045,july,masked,2,2,4,4,mask+noise+anti-ocr+inversion,20.0,1.0,25.8,129.0,43,37,43,37,220,0,43,0.0,msd_target_prefix_v1,1599.4000000003725,direct_match
P045,july,control,3,2,1,1,none,20.0,1.0,30.599999999999998,153.0,51,43,51,43,220,0,51,0.0,msd_target_prefix_v1,599.1999999992549,direct_match
P046,july,masked,0,1,4,4,mask+noise+anti-ocr+inversion,20.0,0.84,12.600000000000001,63.0,23,19,21,17,220,4,25,0.16,msd_target_prefix_v1,1151.199999999255,compatible_with_stripped_boundary_spaces
P046,july,control,1,1,1,1,none,20.0,1.0,12.0,60.0,20,18,20,18,220,0,20,0.0,msd_target_prefix_v1,591.0999999996275,direct_match
P046,july,control,2,2,1,1,none,20.0,1.0,13.799999999999999,69.0,23,19,23,19,219,0,23,0.0,msd_target_prefix_v1,846.0999999996275,compatible_with_stripped_boundary_spaces
P046,july,masked,3,2,4,4,mask+noise+anti-ocr+inversion,20.0,1.0,12.600000000000001,63.0,21,18,21,18,220,0,21,0.0,msd_target_prefix_v1,1335.5999999996275,compatible_with_stripped_boundary_spaces
P047,july,control,0,1,1,1,none,20.0,0.9777777777777777,26.400000000000002,132.0,45,39,44,38,220,1,45,0.022222222222222223,msd_target_prefix_v1,343.59999999962747,direct_match
P047,july,masked,1,1,4,4,mask+noise+anti-ocr+inversion,20.0,1.0,27.599999999999998,138.0,46,39,46,39,220,0,46,0.0,msd_target_prefix_v1,366.8999999985099,compatible_with_stripped_boundary_spaces
P047,july,masked,2,2,4,4,mask+noise+anti-ocr+inversion,20.0,0.975609756097561,24.0,120.0,41,35,40,34,220,1,41,0.024390243902439025,msd_target_prefix_v1,391.6000000014901,direct_match
P047,july,control,3,2,1,1,none,20.0,1.0,20.400000000000002,102.0,34,29,34,29,220,0,34,0.0,msd_target_prefix_v1,367.09999999962747,compatible_with_stripped_boundary_spaces
P048,july,masked,0,1,4,4,mask+noise+anti-ocr+inversion,20.0,1.0,29.400000000000002,147.0,49,42,49,42,220,0,49,0.0,msd_target_prefix_v1,407.6000000014901,direct_match
P048,july,control,1,1,1,1,none,20.0,0.9836065573770492,36.0,180.0,60,51,60,51,220,1,61,0.01639344262295082,msd_target_prefix_v1,223.5,compatible_with_stripped_boundary_spaces
P048,july,control,2,2,1,1,none,20.0,0.9183673469387755,27.0,135.0,49,41,45,37,220,4,49,0.08163265306122448,msd_target_prefix_v1,343.0,direct_match
P048,july,masked,3,2,4,4,mask+noise+anti-ocr+inversion,20.0,0.96,28.8,144.0,50,43,48,41,220,2,50,0.04,msd_target_prefix_v1,598.8000000007451,compatible_with_stripped_boundary_spaces
P049,july,control,0,1,1,1,none,20.0,1.0,24.599999999999998,123.0,41,35,41,35,220,0,41,0.0,msd_target_prefix_v1,327.3999999985099,compatible_with_stripped_boundary_spaces
P049,july,masked,1,1,4,4,mask+noise+anti-ocr+inversion,20.0,0.9714285714285714,20.400000000000002,102.0,35,30,34,29,220,1,35,0.02857142857142857,msd_target_prefix_v1,2926.699999999255,direct_match
P049,july,masked,2,2,4,4,mask+noise+anti-ocr+inversion,20.0,0.9142857142857143,19.200000000000003,96.0,35,31,32,28,220,3,35,0.08571428571428572,msd_target_prefix_v1,287.5,direct_match
P049,july,control,3,2,1,1,none,20.0,0.9722222222222222,21.0,105.0,36,30,35,29,220,1,36,0.027777777777777776,msd_target_prefix_v1,447.0,compatible_with_stripped_boundary_spaces
P050,july,masked,0,1,4,4,mask+noise+anti-ocr+inversion,20.0,0.75,10.8,54.0,24,21,18,15,219,6,23,0.25,msd_target_prefix_v1,1375.2999999988824,direct_match
P050,july,control,1,1,1,1,none,20.0,1.0,12.600000000000001,63.0,21,18,21,18,219,0,21,0.0,msd_target_prefix_v1,1662.699999999255,direct_match
P050,july,control,2,2,1,1,none,20.0,0.78125,15.0,75.0,32,28,25,21,219,7,27,0.21875,msd_target_prefix_v1,1078.0,direct_match
P050,july,masked,3,2,4,4,mask+noise+anti-ocr+inversion,20.0,0.7916666666666666,11.4,57.0,24,21,19,16,220,5,23,0.20833333333333334,msd_target_prefix_v1,830.5,direct_match
P051,july,control,0,1,1,1,none,20.0,0.9722222222222222,21.0,105.0,36,31,35,30,220,1,36,0.027777777777777776,msd_target_prefix_v1,351.2999999988824,direct_match
P051,july,masked,1,1,4,4,mask+noise+anti-ocr+inversion,20.0,1.0,21.0,105.0,35,30,35,30,220,0,35,0.0,msd_target_prefix_v1,807.5999999996275,direct_match
P051,july,masked,2,2,4,4,mask+noise+anti-ocr+inversion,20.0,0.9666666666666667,17.400000000000002,87.0,30,25,29,24,220,1,30,0.03333333333333333,msd_target_prefix_v1,487.09999999962747,direct_match
P051,july,control,3,2,1,1,none,20.0,1.0,22.8,114.0,38,33,38,33,220,0,38,0.0,msd_target_prefix_v1,351.8999999985099,direct_match
P052,july,masked,0,1,4,4,mask+noise+anti-ocr+inversion,20.0,1.0,13.799999999999999,69.0,23,20,23,20,220,0,23,0.0,msd_target_prefix_v1,1751.7999999988824,direct_match
P052,july,control,1,1,1,1,none,20.0,1.0,17.400000000000002,87.0,29,26,29,26,220,0,29,0.0,msd_target_prefix_v1,1391.0999999996275,direct_match
P052,july,control,2,2,1,1,none,20.0,1.0,19.200000000000003,96.0,32,28,32,28,219,0,32,0.0,msd_target_prefix_v1,1551.2999999988824,direct_match
P052,july,masked,3,2,4,4,mask+noise+anti-ocr+inversion,20.0,1.0,20.400000000000002,102.0,34,29,34,29,220,0,34,0.0,msd_target_prefix_v1,1847.2999999988824,direct_match
P053,july,control,0,1,1,1,none,20.0,0.8928571428571429,15.0,75.0,26,23,25,22,220,3,28,0.10714285714285714,msd_target_prefix_v1,295.69999999925494,direct_match
P053,july,masked,1,1,4,4,mask+noise+anti-ocr+inversion,20.0,0.9523809523809523,12.0,60.0,21,18,20,17,220,1,21,0.047619047619047616,msd_target_prefix_v1,335.80000000074506,direct_match
P053,july,masked,2,2,4,4,mask+noise+anti-ocr+inversion,20.0,1.0,15.0,75.0,25,22,25,22,220,0,25,0.0,msd_target_prefix_v1,255.19999999925494,direct_match
P053,july,control,3,2,1,1,none,20.0,1.0,15.0,75.0,25,22,25,22,220,0,25,0.0,msd_target_prefix_v1,359.6000000014901,direct_match
P054,july,masked,0,1,4,4,mask+noise+anti-ocr+inversion,20.0,1.0,22.8,114.0,38,33,38,33,220,0,38,0.0,msd_target_prefix_v1,1215.699999999255,direct_match
P054,july,control,1,1,1,1,none,20.0,1.0,22.8,114.0,38,32,38,32,220,0,38,0.0,msd_target_prefix_v1,831.6000000014901,compatible_with_stripped_boundary_spaces
P054,july,control,2,2,1,1,none,20.0,1.0,23.400000000000002,117.0,39,33,39,33,220,0,39,0.0,msd_target_prefix_v1,655.6999999992549,compatible_with_stripped_boundary_spaces
P054,july,masked,3,2,4,4,mask+noise+anti-ocr+inversion,20.0,1.0,24.0,120.0,40,34,40,34,220,0,40,0.0,msd_target_prefix_v1,367.6000000014901,direct_match
P055,july,control,0,1,1,1,none,20.0,0.7586206896551724,13.200000000000001,66.0,29,24,22,18,220,7,27,0.2413793103448276,msd_target_prefix_v1,391.30000000074506,direct_match
P055,july,masked,1,1,4,4,mask+noise+anti-ocr+inversion,20.0,1.0,17.400000000000002,87.0,29,24,29,24,219,0,29,0.0,msd_target_prefix_v1,431.30000000074506,direct_match
P055,july,masked,2,2,4,4,mask+noise+anti-ocr+inversion,20.0,0.962962962962963,15.600000000000001,78.0,27,23,26,22,220,1,27,0.037037037037037035,msd_target_prefix_v1,374.5,direct_match
P055,july,control,3,2,1,1,none,20.0,0.9393939393939394,18.6,93.0,33,28,31,26,220,2,33,0.06060606060606061,msd_target_prefix_v1,551.5999999977648,direct_match
P056,july,masked,0,1,4,4,mask+noise+anti-ocr+inversion,20.0,1.0,22.200000000000003,111.0,37,31,37,31,220,0,37,0.0,msd_target_prefix_v1,2062.89999999851,direct_match
P056,july,control,1,1,1,1,none,20.0,0.9375,18.0,90.0,31,28,30,27,220,2,32,0.0625,msd_target_prefix_v1,1015.1000000014901,direct_match
P056,july,control,2,2,1,1,none,20.0,0.9459459459459459,21.0,105.0,35,31,35,31,220,2,37,0.05405405405405406,msd_target_prefix_v1,1199.4000000022352,direct_match
P056,july,masked,3,2,4,4,mask+noise+anti-ocr+inversion,20.0,1.0,20.400000000000002,102.0,34,29,34,29,220,0,34,0.0,msd_target_prefix_v1,1023.3000000007451,direct_match
P057,sep08,control,0,1,1,1,none,20.0,1.0,24.0,120.0,40,34,40,34,220,0,40,0.0,msd_target_prefix_v1,1047.5,direct_match
P057,sep08,masked,1,1,4,4,mask+noise+anti-ocr+inversion,20.0,1.0,19.8,99.0,33,28,33,28,220,0,33,0.0,msd_target_prefix_v1,871.3000000000466,direct_match
P057,sep08,masked,2,2,4,4,mask+noise+anti-ocr+inversion,20.0,1.0,23.400000000000002,117.0,39,33,39,33,220,0,39,0.0,msd_target_prefix_v1,391.8000000002794,direct_match
P057,sep08,control,3,2,1,1,none,20.0,1.0,22.8,114.0,38,32,38,32,220,0,38,0.0,msd_target_prefix_v1,502.70000000018626,direct_match
P058,sep08,masked,0,1,4,4,mask+noise+anti-ocr+inversion,20.0,1.0,18.0,90.0,30,25,30,25,220,0,30,0.0,msd_target_prefix_v1,447.5,direct_match
P058,sep08,control,1,1,1,1,none,20.0,1.0,13.799999999999999,69.0,23,20,23,20,220,0,23,0.0,msd_target_prefix_v1,480.0,compatible_with_stripped_boundary_spaces
P058,sep08,control,2,2,1,1,none,20.0,1.0,19.200000000000003,96.0,32,27,32,27,220,0,32,0.0,msd_target_prefix_v1,584.0,compatible_with_stripped_boundary_spaces
P058,sep08,masked,3,2,4,4,mask+noise+anti-ocr+inversion,20.0,1.0,18.0,90.0,30,26,30,26,220,0,30,0.0,msd_target_prefix_v1,799.7000000001863,direct_match
P059,sep08,control,0,1,1,1,none,20.0,0.9714285714285714,20.400000000000002,102.0,34,30,34,30,220,1,35,0.02857142857142857,msd_target_prefix_v1,439.6999999997206,direct_match
P059,sep08,masked,1,1,4,4,mask+noise+anti-ocr+inversion,20.0,1.0,24.0,120.0,40,34,40,34,220,0,40,0.0,msd_target_prefix_v1,1246.1000000000931,compatible_with_stripped_boundary_spaces
P059,sep08,masked,2,2,4,4,mask+noise+anti-ocr+inversion,20.0,0.9333333333333333,25.8,129.0,44,38,43,37,220,3,45,0.06666666666666667,msd_target_prefix_v1,543.7999999998137,direct_match
P059,sep08,control,3,2,1,1,none,20.0,0.9777777777777777,26.400000000000002,132.0,45,37,44,36,220,1,45,0.022222222222222223,msd_target_prefix_v1,247.40000000037253,compatible_with_stripped_boundary_spaces
P060,sep08,control,0,1,1,1,none,20.0,0.96875,18.6,93.0,32,27,31,26,220,1,31,0.03125,msd_target_prefix_v1,1575.0,compatible_with_stripped_boundary_spaces
P060,sep08,masked,1,1,4,4,mask+noise+anti-ocr+inversion,20.0,0.9705882352941176,19.8,99.0,34,30,33,29,220,1,34,0.029411764705882353,msd_target_prefix_v1,687.8000000002794,direct_match
P060,sep08,masked,2,2,4,4,mask+noise+anti-ocr+inversion,20.0,0.9722222222222222,21.0,105.0,36,31,35,30,220,1,36,0.027777777777777776,msd_target_prefix_v1,342.70000000018626,direct_match
P060,sep08,control,3,2,1,1,none,20.0,1.0,24.599999999999998,123.0,41,35,41,35,220,0,41,0.0,msd_target_prefix_v1,287.5,direct_match
P061,sep08,masked,0,1,4,4,mask+noise+anti-ocr+inversion,20.0,0.967741935483871,18.0,90.0,31,27,30,26,220,1,31,0.03225806451612903,msd_target_prefix_v1,631.3000000002794,direct_match
P061,sep08,control,1,1,1,1,none,20.0,1.0,26.400000000000002,132.0,44,37,44,37,220,0,44,0.0,msd_target_prefix_v1,336.10000000009313,compatible_with_stripped_boundary_spaces
P061,sep08,control,2,2,1,1,none,20.0,1.0,21.0,105.0,35,30,35,30,219,0,35,0.0,msd_target_prefix_v1,270.5,compatible_with_stripped_boundary_spaces
P061,sep08,masked,3,2,4,4,mask+noise+anti-ocr+inversion,20.0,0.9642857142857143,16.200000000000003,81.0,28,24,27,23,220,1,28,0.03571428571428571,msd_target_prefix_v1,343.5,direct_match
P062,sep08,control,0,1,1,1,none,20.0,1.0,21.6,108.0,36,31,36,31,220,0,36,0.0,msd_target_prefix_v1,430.60000000009313,direct_match
P062,sep08,masked,1,1,4,4,mask+noise+anti-ocr+inversion,20.0,0.8780487804878049,21.6,108.0,36,31,36,31,220,5,41,0.12195121951219512,msd_target_prefix_v1,830.6999999997206,direct_match
P062,sep08,masked,2,2,4,4,mask+noise+anti-ocr+inversion,20.0,1.0,18.6,93.0,31,26,31,26,220,0,31,0.0,msd_target_prefix_v1,655.3000000002794,compatible_with_stripped_boundary_spaces
P062,sep08,control,3,2,1,1,none,20.0,1.0,20.400000000000002,102.0,34,28,34,28,220,0,34,0.0,msd_target_prefix_v1,702.6000000000931,direct_match
P063,sep08,masked,0,1,4,4,mask+noise+anti-ocr+inversion,20.0,0.9375,18.0,90.0,32,28,30,26,220,2,32,0.0625,msd_target_prefix_v1,3878.2000000001863,direct_match
P063,sep08,control,1,1,1,1,none,20.0,0.9696969696969697,19.200000000000003,96.0,33,28,32,27,220,1,33,0.030303030303030304,msd_target_prefix_v1,447.20000000018626,direct_match
P063,sep08,control,2,2,1,1,none,20.0,0.9142857142857143,19.200000000000003,96.0,35,31,32,28,219,3,35,0.08571428571428572,msd_target_prefix_v1,431.70000000018626,direct_match
P063,sep08,masked,3,2,4,4,mask+noise+anti-ocr+inversion,20.0,1.0,24.0,120.0,40,34,40,34,220,0,40,0.0,msd_target_prefix_v1,718.7999999998137,direct_match
P064,sep08,control,0,1,1,1,none,20.0,0.9705882352941176,19.8,99.0,34,29,33,28,220,1,33,0.029411764705882353,msd_target_prefix_v1,535.1999999992549,direct_match
P064,sep08,masked,1,1,4,4,mask+noise+anti-ocr+inversion,20.0,1.0,21.6,108.0,36,30,36,30,219,0,36,0.0,msd_target_prefix_v1,574.7000000001863,compatible_with_stripped_boundary_spaces
P064,sep08,masked,2,2,4,4,mask+noise+anti-ocr+inversion,20.0,1.0,22.8,114.0,38,32,38,32,220,0,38,0.0,msd_target_prefix_v1,599.2999999998137,compatible_with_stripped_boundary_spaces
P064,sep08,control,3,2,1,1,none,20.0,1.0,21.6,108.0,36,31,36,31,220,0,36,0.0,msd_target_prefix_v1,615.7999999998137,direct_match
P065,sep08,masked,0,1,4,4,mask+noise+anti-ocr+inversion,20.0,0.962962962962963,15.600000000000001,78.0,27,23,26,22,220,1,27,0.037037037037037035,msd_target_prefix_v1,1575.199999999255,compatible_with_stripped_boundary_spaces
P065,sep08,control,1,1,1,1,none,20.0,1.0,18.6,93.0,31,27,31,27,220,0,31,0.0,msd_target_prefix_v1,847.2000000001863,direct_match
P065,sep08,control,2,2,1,1,none,20.0,1.0,22.200000000000003,111.0,37,32,37,32,219,0,37,0.0,msd_target_prefix_v1,662.5999999996275,compatible_with_stripped_boundary_spaces
P065,sep08,masked,3,2,4,4,mask+noise+anti-ocr+inversion,20.0,0.967741935483871,18.0,90.0,31,27,30,26,220,1,31,0.03225806451612903,msd_target_prefix_v1,1319.800000000745,direct_match
P066,sep10_12,control,0,1,1,1,none,20.0,1.0,28.200000000000003,141.0,47,40,47,40,219,0,47,0.0,msd_target_prefix_v1,780.9000000001397,direct_match
P066,sep10_12,masked,1,1,4,4,mask+noise+anti-ocr+inversion,20.0,0.9189189189189189,20.400000000000002,102.0,37,32,34,29,219,3,37,0.08108108108108109,msd_target_prefix_v1,1319.3000000000466,direct_match
P066,sep10_12,masked,2,2,4,4,mask+noise+anti-ocr+inversion,20.0,1.0,25.8,129.0,43,37,43,37,220,0,43,0.0,msd_target_prefix_v1,568.1999999999534,direct_match
P066,sep10_12,control,3,2,1,1,none,20.0,0.9545454545454546,25.200000000000003,126.0,43,37,42,36,220,2,44,0.045454545454545456,msd_target_prefix_v1,360.0999999998603,compatible_with_stripped_boundary_spaces
P067,sep10_12,masked,0,1,4,4,mask+noise+anti-ocr+inversion,20.0,1.0,37.800000000000004,189.0,63,53,63,53,220,0,63,0.0,msd_target_prefix_v1,285.60000000009313,direct_match
P067,sep10_12,control,1,1,1,1,none,20.0,1.0,39.6,198.0,66,57,66,57,220,0,66,0.0,msd_target_prefix_v1,352.0999999998603,direct_match
P067,sep10_12,control,2,2,1,1,none,20.0,0.9696969696969697,38.400000000000006,192.0,66,56,64,54,220,2,66,0.030303030303030304,msd_target_prefix_v1,245.89999999990687,direct_match
P067,sep10_12,masked,3,2,4,4,mask+noise+anti-ocr+inversion,20.0,1.0,27.599999999999998,138.0,46,40,46,40,220,0,46,0.0,msd_target_prefix_v1,439.8000000002794,direct_match
P068,sep10_12,control,0,1,1,1,none,20.0,0.8297872340425532,24.0,120.0,42,37,40,35,220,8,47,0.1702127659574468,msd_target_prefix_v1,340.5,direct_match
P068,sep10_12,masked,1,1,4,4,mask+noise+anti-ocr+inversion,20.0,0.9473684210526316,21.6,108.0,37,32,36,31,220,2,38,0.05263157894736842,msd_target_prefix_v1,910.2999999998137,direct_match
P068,sep10_12,masked,2,2,4,4,mask+noise+anti-ocr+inversion,20.0,0.96,14.4,72.0,25,21,24,20,220,1,25,0.04,msd_target_prefix_v1,789.6000000000931,direct_match
P068,sep10_12,control,3,2,1,1,none,20.0,0.8787878787878788,17.400000000000002,87.0,31,27,29,25,220,4,33,0.12121212121212122,msd_target_prefix_v1,327.6999999997206,direct_match
P069,sep10_12,masked,0,1,4,4,mask+noise+anti-ocr+inversion,20.0,0.98,29.400000000000002,147.0,49,43,49,43,220,1,50,0.02,msd_target_prefix_v1,694.0,compatible_with_stripped_boundary_spaces
P069,sep10_12,control,1,1,1,1,none,20.0,1.0,22.8,114.0,38,33,38,33,220,0,38,0.0,msd_target_prefix_v1,436.0,direct_match
P069,sep10_12,control,2,2,1,1,none,20.0,0.9777777777777777,26.400000000000002,132.0,45,38,44,37,220,1,45,0.022222222222222223,msd_target_prefix_v1,500.39999999990687,direct_match
P069,sep10_12,masked,3,2,4,4,mask+noise+anti-ocr+inversion,20.0,0.9459459459459459,21.6,108.0,37,33,36,32,220,2,37,0.05405405405405406,msd_target_prefix_v1,310.8000000002794,compatible_with_stripped_boundary_spaces
P070,sep10_12,control,0,1,1,1,none,20.0,1.0,21.6,108.0,36,31,36,31,220,0,36,0.0,msd_target_prefix_v1,391.5,direct_match
P070,sep10_12,masked,1,1,4,4,mask+noise+anti-ocr+inversion,20.0,0.9705882352941176,19.8,99.0,34,29,33,28,220,1,34,0.029411764705882353,msd_target_prefix_v1,124.0,direct_match
P070,sep10_12,masked,2,2,4,4,mask+noise+anti-ocr+inversion,20.0,1.0,19.8,99.0,33,28,33,28,220,0,33,0.0,msd_target_prefix_v1,486.90000000037253,direct_match
P070,sep10_12,control,3,2,1,1,none,20.0,1.0,20.400000000000002,102.0,34,29,34,29,219,0,34,0.0,msd_target_prefix_v1,471.60000000009313,direct_match
P071,sep10_12,masked,0,1,4,4,mask+noise+anti-ocr+inversion,20.0,0.967741935483871,18.0,90.0,30,27,30,27,219,1,31,0.03225806451612903,msd_target_prefix_v1,1293.3999999999069,direct_match
P071,sep10_12,control,1,1,1,1,none,20.0,0.9736842105263158,22.200000000000003,111.0,37,32,37,32,220,1,38,0.02631578947368421,msd_target_prefix_v1,304.3000000002794,compatible_with_stripped_boundary_spaces
P071,sep10_12,control,2,2,1,1,none,20.0,1.0,24.599999999999998,123.0,41,35,41,35,220,0,41,0.0,msd_target_prefix_v1,230.09999999962747,compatible_with_stripped_boundary_spaces
P071,sep10_12,masked,3,2,4,4,mask+noise+anti-ocr+inversion,20.0,0.972972972972973,21.6,108.0,37,32,36,31,220,1,37,0.02702702702702703,msd_target_prefix_v1,365.60000000009313,direct_match
P072,sep10_12,control,0,1,1,1,none,20.0,1.0,19.200000000000003,96.0,32,27,32,27,220,0,32,0.0,msd_target_prefix_v1,774.3999999999069,compatible_with_stripped_boundary_spaces
P072,sep10_12,masked,1,1,4,4,mask+noise+anti-ocr+inversion,20.0,1.0,24.0,120.0,40,33,40,33,220,0,40,0.0,msd_target_prefix_v1,462.70000000018626,compatible_with_stripped_boundary_spaces
P072,sep10_12,masked,2,2,4,4,mask+noise+anti-ocr+inversion,20.0,0.967741935483871,18.0,90.0,31,27,30,26,220,1,30,0.03225806451612903,msd_target_prefix_v1,439.5,direct_match
P072,sep10_12,control,3,2,1,1,none,20.0,0.9714285714285714,20.400000000000002,102.0,35,30,34,29,220,1,35,0.02857142857142857,msd_target_prefix_v1,391.5,compatible_with_stripped_boundary_spaces
P073,sep10_12,masked,0,1,4,4,mask+noise+anti-ocr+inversion,20.0,0.9850746268656716,39.6,198.0,67,57,66,56,220,1,67,0.014925373134328358,msd_target_prefix_v1,239.19999999925494,direct_match
P073,sep10_12,control,1,1,1,1,none,20.0,0.9861111111111112,42.6,213.0,72,60,71,59,219,1,72,0.013888888888888888,msd_target_prefix_v1,247.5,direct_match
P073,sep10_12,control,2,2,1,1,none,20.0,0.9375,36.0,180.0,64,55,60,51,220,4,64,0.0625,msd_target_prefix_v1,230.79999999981374,direct_match
P073,sep10_12,masked,3,2,4,4,mask+noise+anti-ocr+inversion,20.0,1.0,28.200000000000003,141.0,47,39,47,39,220,0,47,0.0,msd_target_prefix_v1,326.79999999981374,direct_match
P074,sep10_12,control,0,1,1,1,none,20.0,1.0,27.599999999999998,138.0,46,40,46,40,219,0,46,0.0,msd_target_prefix_v1,469.90000000037253,direct_match
P074,sep10_12,masked,1,1,4,4,mask+noise+anti-ocr+inversion,20.0,1.0,28.8,144.0,48,41,48,41,220,0,48,0.0,msd_target_prefix_v1,381.0,direct_match
P074,sep10_12,masked,2,2,4,4,mask+noise+anti-ocr+inversion,20.0,0.9782608695652174,27.0,135.0,45,39,45,39,220,1,46,0.021739130434782608,msd_target_prefix_v1,565.3999999994412,direct_match
P074,sep10_12,control,3,2,1,1,none,20.0,1.0,32.400000000000006,162.0,54,46,54,46,220,0,54,0.0,msd_target_prefix_v1,437.20000000018626,compatible_with_stripped_boundary_spaces
P075,sep10_12,masked,0,1,4,4,mask+noise+anti-ocr+inversion,20.0,1.0,13.799999999999999,69.0,23,20,23,20,220,0,23,0.0,msd_target_prefix_v1,742.0,direct_match
P075,sep10_12,control,1,1,1,1,none,20.0,0.9428571428571428,19.8,99.0,35,31,33,29,219,2,34,0.05714285714285714,msd_target_prefix_v1,456.0,direct_match
P075,sep10_12,control,2,2,1,1,none,20.0,1.0,16.200000000000003,81.0,27,23,27,23,220,0,27,0.0,msd_target_prefix_v1,463.29999999981374,direct_match
P075,sep10_12,masked,3,2,4,4,mask+noise+anti-ocr+inversion,20.0,0.962962962962963,15.600000000000001,78.0,26,24,26,24,220,1,27,0.037037037037037035,msd_target_prefix_v1,668.7000000001863,direct_match
P076,sep10_12,control,0,1,1,1,none,20.0,1.0,19.8,99.0,33,28,33,28,220,0,33,0.0,msd_target_prefix_v1,461.1000000005588,direct_match
P076,sep10_12,masked,1,1,4,4,mask+noise+anti-ocr+inversion,20.0,0.9487179487179487,22.200000000000003,111.0,39,33,37,31,220,2,39,0.05128205128205128,msd_target_prefix_v1,613.6999999992549,direct_match
P076,sep10_12,masked,2,2,4,4,mask+noise+anti-ocr+inversion,20.0,0.9259259259259259,15.0,75.0,27,24,25,22,220,2,26,0.07407407407407407,msd_target_prefix_v1,605.5,direct_match
P076,sep10_12,control,3,2,1,1,none,20.0,1.0,25.8,129.0,43,37,43,37,220,0,43,0.0,msd_target_prefix_v1,432.0,direct_match
P077,sep10_12,masked,0,1,4,4,mask+noise+anti-ocr+inversion,20.0,0.9491525423728814,33.6,168.0,58,49,56,47,220,3,59,0.05084745762711865,msd_target_prefix_v1,244.7999999988824,direct_match
P077,sep10_12,control,1,1,1,1,none,20.0,0.9859154929577465,42.0,210.0,71,61,70,60,220,1,70,0.014084507042253521,msd_target_prefix_v1,327.59999999962747,direct_match
P077,sep10_12,control,2,2,1,1,none,20.0,1.0,37.800000000000004,189.0,63,53,63,53,220,0,63,0.0,msd_target_prefix_v1,470.8999999985099,compatible_with_stripped_boundary_spaces
P077,sep10_12,masked,3,2,4,4,mask+noise+anti-ocr+inversion,20.0,0.9830508474576272,34.800000000000004,174.0,59,50,58,49,220,1,59,0.01694915254237288,msd_target_prefix_v1,455.7999999988824,direct_match
P078,sep10_12,control,0,1,1,1,none,20.0,0.9655172413793104,16.8,84.0,29,25,28,24,220,1,29,0.034482758620689655,msd_target_prefix_v1,1886.5,direct_match
P078,sep10_12,masked,1,1,4,4,mask+noise+anti-ocr+inversion,20.0,1.0,21.6,108.0,36,31,36,31,220,0,36,0.0,msd_target_prefix_v1,390.40000000037253,direct_match
P078,sep10_12,masked,2,2,4,4,mask+noise+anti-ocr+inversion,20.0,0.9487179487179487,22.200000000000003,111.0,37,34,37,34,220,2,39,0.05128205128205128,msd_target_prefix_v1,230.10000000149012,direct_match
P078,sep10_12,control,3,2,1,1,none,20.0,0.9714285714285714,20.400000000000002,102.0,34,29,34,29,219,1,35,0.02857142857142857,msd_target_prefix_v1,583.4000000003725,compatible_with_stripped_boundary_spaces
P079,sep10_12,masked,0,1,4,4,mask+noise+anti-ocr+inversion,20.0,0.9655172413793104,33.6,168.0,58,50,56,48,220,2,58,0.034482758620689655,msd_target_prefix_v1,487.19999999925494,direct_match
P079,sep10_12,control,1,1,1,1,none,20.0,1.0,37.2,186.0,62,53,62,53,220,0,62,0.0,msd_target_prefix_v1,342.0,direct_match
P079,sep10_12,control,2,2,1,1,none,20.0,1.0,35.400000000000006,177.0,59,50,59,50,220,0,59,0.0,msd_target_prefix_v1,63.59999999962747,direct_match
P079,sep10_12,masked,3,2,4,4,mask+noise+anti-ocr+inversion,20.0,0.9534883720930233,24.599999999999998,123.0,43,37,41,35,220,2,43,0.046511627906976744,msd_target_prefix_v1,446.5,direct_match
P080,sep10_12,control,0,1,1,1,none,20.0,1.0,18.6,93.0,31,27,31,27,219,0,31,0.0,msd_target_prefix_v1,397.09999999962747,direct_match
P080,sep10_12,masked,1,1,4,4,mask+noise+anti-ocr+inversion,20.0,0.9642857142857143,16.200000000000003,81.0,28,24,27,23,219,1,28,0.03571428571428571,msd_target_prefix_v1,501.80000000074506,direct_match
P080,sep10_12,masked,2,2,4,4,mask+noise+anti-ocr+inversion,20.0,1.0,19.8,99.0,33,29,33,29,220,0,33,0.0,msd_target_prefix_v1,358.0,direct_match
P080,sep10_12,control,3,2,1,1,none,20.0,1.0,20.400000000000002,102.0,34,29,34,29,220,0,34,0.0,msd_target_prefix_v1,1951.5999999996275,direct_match
P081,sep10_12,masked,0,1,4,4,mask+noise+anti-ocr+inversion,20.0,1.0,21.0,105.0,35,30,35,30,220,0,35,0.0,msd_target_prefix_v1,464.30000000074506,direct_match
P081,sep10_12,control,1,1,1,1,none,20.0,1.0,20.400000000000002,102.0,34,30,34,30,220,0,34,0.0,msd_target_prefix_v1,1516.199999999255,direct_match
P081,sep10_12,control,2,2,1,1,none,20.0,0.975609756097561,24.0,120.0,41,36,40,35,220,1,40,0.024390243902439025,msd_target_prefix_v1,396.69999999925494,direct_match
P081,sep10_12,masked,3,2,4,4,mask+noise+anti-ocr+inversion,20.0,1.0,20.400000000000002,102.0,34,29,34,29,220,0,34,0.0,msd_target_prefix_v1,759.0999999996275,direct_match
P082,sep10_12,control,0,1,1,1,none,20.0,1.0,21.6,108.0,36,31,36,31,220,0,36,0.0,msd_target_prefix_v1,1040.0999999996275,compatible_with_stripped_boundary_spaces
P082,sep10_12,masked,1,1,4,4,mask+noise+anti-ocr+inversion,20.0,1.0,18.0,90.0,30,26,30,26,219,0,30,0.0,msd_target_prefix_v1,479.30000000074506,direct_match
P082,sep10_12,masked,2,2,4,4,mask+noise+anti-ocr+inversion,20.0,0.9393939393939394,18.6,93.0,33,28,31,26,220,2,33,0.06060606060606061,msd_target_prefix_v1,1677.2999999988824,direct_match
P082,sep10_12,control,3,2,1,1,none,20.0,1.0,22.200000000000003,111.0,37,31,37,31,220,0,37,0.0,msd_target_prefix_v1,583.6999999992549,compatible_with_stripped_boundary_spaces
P083,sep10_12,masked,0,1,4,4,mask+noise+anti-ocr+inversion,20.0,0.7837837837837838,17.400000000000002,87.0,37,32,29,25,219,8,37,0.21621621621621623,msd_target_prefix_v1,292.80000000074506,direct_match
P083,sep10_12,control,1,1,1,1,none,20.0,0.9473684210526316,21.6,108.0,38,33,36,31,220,2,38,0.05263157894736842,msd_target_prefix_v1,375.0,direct_match
P083,sep10_12,control,2,2,1,1,none,20.0,1.0,24.599999999999998,123.0,41,35,41,35,220,0,41,0.0,msd_target_prefix_v1,317.5,direct_match
P083,sep10_12,masked,3,2,4,4,mask+noise+anti-ocr+inversion,20.0,0.9714285714285714,20.400000000000002,102.0,34,28,34,28,220,1,35,0.02857142857142857,msd_target_prefix_v1,381.80000000074506,compatible_with_stripped_boundary_spaces
P084,sep10_12,control,0,1,1,1,none,20.0,0.9696969696969697,19.200000000000003,96.0,33,28,32,27,219,1,33,0.030303030303030304,msd_target_prefix_v1,333.0,direct_match
P084,sep10_12,masked,1,1,4,4,mask+noise+anti-ocr+inversion,20.0,0.9130434782608696,12.600000000000001,63.0,23,20,21,18,220,2,23,0.08695652173913043,msd_target_prefix_v1,847.3000000007451,direct_match
P084,sep10_12,masked,2,2,4,4,mask+noise+anti-ocr+inversion,20.0,1.0,16.8,84.0,28,24,28,24,220,0,28,0.0,msd_target_prefix_v1,285.5,compatible_with_stripped_boundary_spaces
P084,sep10_12,control,3,2,1,1,none,20.0,1.0,19.200000000000003,96.0,32,27,32,27,220,0,32,0.0,msd_target_prefix_v1,557.0,direct_match
P085,sep10_12,masked,0,1,4,4,mask+noise+anti-ocr+inversion,20.0,0.9148936170212766,25.8,129.0,47,40,43,36,220,4,47,0.0851063829787234,msd_target_prefix_v1,246.7000000011176,direct_match
P085,sep10_12,control,1,1,1,1,none,20.0,1.0,33.6,168.0,56,48,56,48,220,0,56,0.0,msd_target_prefix_v1,364.40000000037253,compatible_with_stripped_boundary_spaces
P085,sep10_12,control,2,2,1,1,none,20.0,0.9622641509433962,30.599999999999998,153.0,53,45,51,43,220,2,53,0.03773584905660377,msd_target_prefix_v1,534.3000000007451,compatible_with_stripped_boundary_spaces
P085,sep10_12,masked,3,2,4,4,mask+noise+anti-ocr+inversion,20.0,0.9777777777777777,26.400000000000002,132.0,45,38,44,37,220,1,45,0.022222222222222223,msd_target_prefix_v1,243.90000000037253,direct_match
P086,sep10_12,control,0,1,1,1,none,20.0,1.0,25.200000000000003,126.0,42,37,42,37,220,0,42,0.0,msd_target_prefix_v1,262.4000000022352,direct_match
P086,sep10_12,masked,1,1,4,4,mask+noise+anti-ocr+inversion,20.0,1.0,22.8,114.0,38,33,38,33,219,0,38,0.0,msd_target_prefix_v1,365.9000000022352,direct_match
P086,sep10_12,masked,2,2,4,4,mask+noise+anti-ocr+inversion,20.0,1.0,24.599999999999998,123.0,41,35,41,35,220,0,41,0.0,msd_target_prefix_v1,239.19999999925494,direct_match
P086,sep10_12,control,3,2,1,1,none,20.0,1.0,26.400000000000002,132.0,44,37,44,37,220,0,44,0.0,msd_target_prefix_v1,351.9000000022352,compatible_with_stripped_boundary_spaces
P087,sep10_12,masked,0,1,4,4,mask+noise+anti-ocr+inversion,20.0,0.9743589743589743,22.8,114.0,39,33,38,32,220,1,39,0.02564102564102564,msd_target_prefix_v1,645.1999999992549,compatible_with_stripped_boundary_spaces
P087,sep10_12,control,1,1,1,1,none,20.0,0.9166666666666666,20.400000000000002,102.0,36,31,34,30,220,3,36,0.08333333333333333,msd_target_prefix_v1,270.3999999985099,direct_match
P087,sep10_12,control,2,2,1,1,none,20.0,1.0,22.8,114.0,38,32,38,32,220,0,38,0.0,msd_target_prefix_v1,351.19999999925494,compatible_with_stripped_boundary_spaces
P087,sep10_12,masked,3,2,4,4,mask+noise+anti-ocr+inversion,20.0,1.0,22.200000000000003,111.0,37,32,37,32,219,0,37,0.0,msd_target_prefix_v1,1176.5,direct_match
P088,sep10_12,control,0,1,1,1,none,20.0,1.0,15.600000000000001,78.0,26,23,26,23,220,0,26,0.0,msd_target_prefix_v1,439.69999999925494,direct_match
P088,sep10_12,masked,1,1,4,4,mask+noise+anti-ocr+inversion,20.0,1.0,19.8,99.0,33,29,33,29,220,0,33,0.0,msd_target_prefix_v1,1279.4000000022352,direct_match
P088,sep10_12,masked,2,2,4,4,mask+noise+anti-ocr+inversion,20.0,1.0,18.6,93.0,31,26,31,26,219,0,31,0.0,msd_target_prefix_v1,845.3999999985099,compatible_with_stripped_boundary_spaces
P088,sep10_12,control,3,2,1,1,none,20.0,1.0,21.6,108.0,36,31,36,31,220,0,36,0.0,msd_target_prefix_v1,368.30000000074506,direct_match
P089,sep10_12,masked,0,1,4,4,mask+noise+anti-ocr+inversion,20.0,0.9433962264150944,30.0,150.0,53,44,50,42,220,3,52,0.05660377358490566,msd_target_prefix_v1,318.5,direct_match
P089,sep10_12,control,1,1,1,1,none,20.0,1.0,31.8,159.0,53,45,53,45,220,0,53,0.0,msd_target_prefix_v1,325.5,direct_match
P089,sep10_12,control,2,2,1,1,none,20.0,1.0,25.8,129.0,43,36,43,36,219,0,43,0.0,msd_target_prefix_v1,320.19999999925494,direct_match
P089,sep10_12,masked,3,2,4,4,mask+noise+anti-ocr+inversion,20.0,0.9833333333333333,35.400000000000006,177.0,60,50,59,49,220,1,60,0.016666666666666666,msd_target_prefix_v1,376.3999999985099,direct_match
P090,sep10_12,control,0,1,1,1,none,20.0,1.0,16.200000000000003,81.0,27,23,27,23,220,0,27,0.0,msd_target_prefix_v1,968.1999999992549,compatible_with_stripped_boundary_spaces
P090,sep10_12,masked,1,1,4,4,mask+noise+anti-ocr+inversion,20.0,0.9411764705882353,19.200000000000003,96.0,34,30,32,28,220,2,33,0.058823529411764705,msd_target_prefix_v1,412.5,direct_match
P090,sep10_12,masked,2,2,4,4,mask+noise+anti-ocr+inversion,20.0,0.967741935483871,18.0,90.0,31,27,30,26,220,1,31,0.03225806451612903,msd_target_prefix_v1,293.9000000022352,compatible_with_stripped_boundary_spaces
P090,sep10_12,control,3,2,1,1,none,20.0,1.0,21.6,108.0,36,32,36,32,219,0,36,0.0,msd_target_prefix_v1,422.4000000022352,direct_match
P091,sep10_12,masked,0,1,4,4,mask+noise+anti-ocr+inversion,20.0,1.0,39.0,195.0,65,56,65,56,220,0,65,0.0,msd_target_prefix_v1,533.5999999977648,direct_match
P091,sep10_12,control,1,1,1,1,none,20.0,0.9710144927536232,40.2,201.0,69,59,67,57,220,2,69,0.028985507246376812,msd_target_prefix_v1,357.70000000298023,direct_match
P091,sep10_12,control,2,2,1,1,none,20.0,0.9322033898305084,33.0,165.0,58,49,55,46,220,4,59,0.06779661016949153,msd_target_prefix_v1,503.0,direct_match
P091,sep10_12,masked,3,2,4,4,mask+noise+anti-ocr+inversion,20.0,0.9824561403508771,33.6,168.0,57,49,56,48,220,1,57,0.017543859649122806,msd_target_prefix_v1,376.1000000014901,direct_match
P092,sep10_12,control,0,1,1,1,none,20.0,0.9482758620689655,33.6,168.0,58,49,56,47,220,3,58,0.05172413793103448,msd_target_prefix_v1,302.5999999977648,direct_match
P092,sep10_12,masked,1,1,4,4,mask+noise+anti-ocr+inversion,20.0,0.9565217391304348,26.400000000000002,132.0,46,40,44,38,219,2,46,0.043478260869565216,msd_target_prefix_v1,335.0,direct_match
P092,sep10_12,masked,2,2,4,4,mask+noise+anti-ocr+inversion,20.0,0.9487179487179487,22.200000000000003,111.0,39,35,37,33,220,2,37,0.05128205128205128,msd_target_prefix_v1,488.19999999925494,direct_match
P092,sep10_12,control,3,2,1,1,none,20.0,0.9583333333333334,27.599999999999998,138.0,47,40,46,39,219,2,48,0.041666666666666664,msd_target_prefix_v1,420.6000000014901,direct_match
P093,sep10_12,masked,0,1,4,4,mask+noise+anti-ocr+inversion,20.0,0.9714285714285714,20.400000000000002,102.0,35,31,34,30,220,1,35,0.02857142857142857,msd_target_prefix_v1,431.8999999985099,direct_match
P093,sep10_12,control,1,1,1,1,none,20.0,1.0,21.6,108.0,36,31,36,31,220,0,36,0.0,msd_target_prefix_v1,468.4000000022352,direct_match
P093,sep10_12,control,2,2,1,1,none,20.0,1.0,21.0,105.0,35,30,35,30,220,0,35,0.0,msd_target_prefix_v1,565.1999999992549,direct_match
P093,sep10_12,masked,3,2,4,4,mask+noise+anti-ocr+inversion,20.0,0.9655172413793104,16.8,84.0,29,24,28,23,219,1,28,0.034482758620689655,msd_target_prefix_v1,759.6000000014901,direct_match
P094,sep10_12,control,0,1,1,1,none,20.0,0.95,22.8,114.0,40,35,38,33,220,2,40,0.05,msd_target_prefix_v1,430.69999999925494,direct_match
P094,sep10_12,masked,1,1,4,4,mask+noise+anti-ocr+inversion,20.0,0.975609756097561,24.0,120.0,41,35,40,34,220,1,41,0.024390243902439025,msd_target_prefix_v1,365.9000000022352,direct_match
P094,sep10_12,masked,2,2,4,4,mask+noise+anti-ocr+inversion,20.0,1.0,23.400000000000002,117.0,39,33,39,33,219,0,39,0.0,msd_target_prefix_v1,263.69999999925494,direct_match
P094,sep10_12,control,3,2,1,1,none,20.0,0.9428571428571428,19.8,99.0,35,30,33,28,219,2,35,0.05714285714285714,msd_target_prefix_v1,284.80000000074506,direct_match
P095,sep10_12,masked,0,1,4,4,mask+noise+anti-ocr+inversion,20.0,0.9428571428571428,19.8,99.0,35,30,33,28,220,2,35,0.05714285714285714,msd_target_prefix_v1,1468.3000000000466,compatible_with_stripped_boundary_spaces
P095,sep10_12,control,1,1,1,1,none,20.0,1.0,19.200000000000003,96.0,32,28,32,28,220,0,32,0.0,msd_target_prefix_v1,1709.4000000000233,direct_match
P095,sep10_12,control,2,2,1,1,none,20.0,1.0,23.400000000000002,117.0,39,33,39,33,220,0,39,0.0,msd_target_prefix_v1,1176.2000000000116,compatible_with_stripped_boundary_spaces
P095,sep10_12,masked,3,2,4,4,mask+noise+anti-ocr+inversion,20.0,0.9722222222222222,21.0,105.0,36,31,35,30,220,1,36,0.027777777777777776,msd_target_prefix_v1,1622.9000000000233,direct_match
P096,sep10_12,control,0,1,1,1,none,20.0,1.0,16.200000000000003,81.0,27,23,27,23,220,0,27,0.0,msd_target_prefix_v1,989.4000000001397,direct_match
P096,sep10_12,masked,1,1,4,4,mask+noise+anti-ocr+inversion,20.0,0.9565217391304348,13.200000000000001,66.0,23,20,22,19,220,1,23,0.043478260869565216,msd_target_prefix_v1,477.9000000001397,direct_match
P096,sep10_12,masked,2,2,4,4,mask+noise+anti-ocr+inversion,20.0,1.0,14.4,72.0,24,21,24,21,220,0,24,0.0,msd_target_prefix_v1,349.19999999995343,direct_match
P096,sep10_12,control,3,2,1,1,none,20.0,1.0,16.200000000000003,81.0,27,23,27,23,219,0,27,0.0,msd_target_prefix_v1,350.0,direct_match
P097,sep10_12,masked,0,1,4,4,mask+noise+anti-ocr+inversion,20.0,0.972972972972973,21.6,108.0,37,32,36,31,220,1,37,0.02702702702702703,msd_target_prefix_v1,692.8999999999069,direct_match
P097,sep10_12,control,1,1,1,1,none,20.0,1.0,21.0,105.0,35,31,35,31,219,0,35,0.0,msd_target_prefix_v1,480.10000000009313,direct_match
P097,sep10_12,control,2,2,1,1,none,20.0,1.0,19.200000000000003,96.0,32,27,32,27,220,0,32,0.0,msd_target_prefix_v1,557.1000000000931,compatible_with_stripped_boundary_spaces
P097,sep10_12,masked,3,2,4,4,mask+noise+anti-ocr+inversion,20.0,1.0,19.200000000000003,96.0,32,28,32,28,220,0,32,0.0,msd_target_prefix_v1,533.7000000001863,direct_match
P098,sep10_12,control,0,1,1,1,none,20.0,1.0,22.8,114.0,38,33,38,33,220,0,38,0.0,msd_target_prefix_v1,1213.5,direct_match
P098,sep10_12,masked,1,1,4,4,mask+noise+anti-ocr+inversion,20.0,0.95,22.8,114.0,40,35,38,33,220,2,40,0.05,msd_target_prefix_v1,855.7999999998137,direct_match
P098,sep10_12,masked,2,2,4,4,mask+noise+anti-ocr+inversion,20.0,0.95,22.8,114.0,38,32,38,32,220,2,40,0.05,msd_target_prefix_v1,398.89999999990687,compatible_with_stripped_boundary_spaces
P098,sep10_12,control,3,2,1,1,none,20.0,0.9705882352941176,19.8,99.0,34,30,33,29,220,1,34,0.029411764705882353,msd_target_prefix_v1,932.4000000001397,direct_match
P099,sep10_12,masked,0,1,4,4,mask+noise+anti-ocr+inversion,20.0,0.9705882352941176,19.8,99.0,34,29,33,28,220,1,34,0.029411764705882353,msd_target_prefix_v1,4.899999999906868,direct_match
P099,sep10_12,control,1,1,1,1,none,20.0,0.9583333333333334,27.599999999999998,138.0,48,41,46,39,220,2,48,0.041666666666666664,msd_target_prefix_v1,438.39999999990687,direct_match
P099,sep10_12,control,2,2,1,1,none,20.0,0.96,28.8,144.0,50,43,48,41,219,2,49,0.04,msd_target_prefix_v1,836.2000000001863,direct_match
P099,sep10_12,masked,3,2,4,4,mask+noise+anti-ocr+inversion,20.0,0.9777777777777777,26.400000000000002,132.0,45,39,44,38,219,1,45,0.022222222222222223,msd_target_prefix_v1,227.79999999981374,direct_match
P100,sep10_12,control,0,1,1,1,none,20.0,0.9545454545454546,25.200000000000003,126.0,43,37,42,36,219,2,44,0.045454545454545456,msd_target_prefix_v1,325.79999999981374,direct_match
P100,sep10_12,masked,1,1,4,4,mask+noise+anti-ocr+inversion,20.0,0.975,23.400000000000002,117.0,40,34,39,33,219,1,40,0.025,msd_target_prefix_v1,301.39999999990687,compatible_with_stripped_boundary_spaces
P100,sep10_12,masked,2,2,4,4,mask+noise+anti-ocr+inversion,20.0,1.0,28.8,144.0,48,41,48,41,220,0,48,0.0,msd_target_prefix_v1,220.60000000009313,direct_match
P100,sep10_12,control,3,2,1,1,none,20.0,0.9090909090909091,24.599999999999998,123.0,44,38,41,36,220,4,44,0.09090909090909091,msd_target_prefix_v1,222.09999999962747,compatible_with_stripped_boundary_spaces
P101,sep10_12,masked,0,1,4,4,mask+noise+anti-ocr+inversion,20.0,1.0,22.8,114.0,38,32,38,32,220,0,38,0.0,msd_target_prefix_v1,637.2000000001863,compatible_with_stripped_boundary_spaces
P101,sep10_12,control,1,1,1,1,none,20.0,1.0,16.200000000000003,81.0,27,23,27,23,219,0,27,0.0,msd_target_prefix_v1,815.5,compatible_with_stripped_boundary_spaces
P101,sep10_12,control,2,2,1,1,none,20.0,0.9714285714285714,20.400000000000002,102.0,35,30,34,29,219,1,35,0.02857142857142857,msd_target_prefix_v1,590.0,direct_match
P101,sep10_12,masked,3,2,4,4,mask+noise+anti-ocr+inversion,20.0,1.0,21.0,105.0,35,29,35,29,220,0,35,0.0,msd_target_prefix_v1,453.60000000009313,compatible_with_stripped_boundary_spaces
P102,sep10_12,control,0,1,1,1,none,20.0,0.9863013698630136,43.2,216.0,72,62,72,62,220,1,73,0.0136986301369863,msd_target_prefix_v1,301.10000000009313,compatible_with_stripped_boundary_spaces
P102,sep10_12,masked,1,1,4,4,mask+noise+anti-ocr+inversion,20.0,1.0,46.800000000000004,234.0,78,66,78,66,220,0,78,0.0,msd_target_prefix_v1,311.5,compatible_with_stripped_boundary_spaces
P102,sep10_12,masked,2,2,4,4,mask+noise+anti-ocr+inversion,20.0,0.9857142857142858,41.400000000000006,207.0,70,60,69,59,219,1,70,0.014285714285714285,msd_target_prefix_v1,238.3000000002794,compatible_with_stripped_boundary_spaces
P102,sep10_12,control,3,2,1,1,none,20.0,0.9868421052631579,45.0,225.0,75,64,75,64,220,1,76,0.013157894736842105,msd_target_prefix_v1,430.39999999990687,compatible_with_stripped_boundary_spaces
P103,sep10_12,masked,0,1,4,4,mask+noise+anti-ocr+inversion,20.0,1.0,14.4,72.0,24,21,24,21,220,0,24,0.0,msd_target_prefix_v1,383.39999999990687,direct_match
P103,sep10_12,control,1,1,1,1,none,20.0,0.9696969696969697,19.200000000000003,96.0,32,29,32,29,220,1,33,0.030303030303030304,msd_target_prefix_v1,430.5,direct_match
P103,sep10_12,control,2,2,1,1,none,20.0,1.0,17.400000000000002,87.0,29,25,29,25,220,0,29,0.0,msd_target_prefix_v1,348.39999999990687,direct_match
P103,sep10_12,masked,3,2,4,4,mask+noise+anti-ocr+inversion,20.0,1.0,18.6,93.0,31,27,31,27,219,0,31,0.0,msd_target_prefix_v1,368.0,direct_match
P104,sep10_12,control,0,1,1,1,none,20.0,0.9846153846153847,38.400000000000006,192.0,65,55,64,55,220,1,64,0.015384615384615385,msd_target_prefix_v1,383.20000000018626,direct_match
P104,sep10_12,masked,1,1,4,4,mask+noise+anti-ocr+inversion,20.0,1.0,35.400000000000006,177.0,59,51,59,51,219,0,59,0.0,msd_target_prefix_v1,359.3999999994412,direct_match
P104,sep10_12,masked,2,2,4,4,mask+noise+anti-ocr+inversion,20.0,0.9803921568627451,30.0,150.0,51,43,50,43,220,1,51,0.0196078431372549,msd_target_prefix_v1,399.70000000018626,compatible_with_stripped_boundary_spaces
P104,sep10_12,control,3,2,1,1,none,20.0,0.962962962962963,31.8,159.0,54,47,53,46,219,2,54,0.037037037037037035,msd_target_prefix_v1,382.1000000005588,direct_match
P105,sep10_12,masked,0,1,4,4,mask+noise+anti-ocr+inversion,20.0,0.8333333333333334,15.0,75.0,30,25,25,20,220,5,30,0.16666666666666666,msd_target_prefix_v1,710.8999999994412,direct_match
P105,sep10_12,control,1,1,1,1,none,20.0,1.0,18.6,93.0,31,27,31,27,220,0,31,0.0,msd_target_prefix_v1,1310.9000000003725,direct_match
P105,sep10_12,control,2,2,1,1,none,20.0,1.0,19.200000000000003,96.0,32,27,32,27,220,0,32,0.0,msd_target_prefix_v1,838.0,compatible_with_stripped_boundary_spaces
P105,sep10_12,masked,3,2,4,4,mask+noise+anti-ocr+inversion,20.0,1.0,15.0,75.0,25,22,25,22,220,0,25,0.0,msd_target_prefix_v1,502.0,direct_match
P106,sep10_12,control,0,1,1,1,none,20.0,0.8857142857142857,19.8,99.0,35,30,33,29,220,4,35,0.11428571428571428,msd_target_prefix_v1,308.09999999962747,direct_match
P106,sep10_12,masked,1,1,4,4,mask+noise+anti-ocr+inversion,20.0,0.9555555555555556,25.8,129.0,44,39,43,38,220,2,45,0.044444444444444446,msd_target_prefix_v1,309.79999999981374,direct_match
P106,sep10_12,masked,2,2,4,4,mask+noise+anti-ocr+inversion,20.0,0.9824561403508771,33.6,168.0,57,49,56,48,220,1,57,0.017543859649122806,msd_target_prefix_v1,531.7999999998137,direct_match
P106,sep10_12,control,3,2,1,1,none,20.0,0.984375,37.800000000000004,189.0,63,55,63,55,220,1,64,0.015625,msd_target_prefix_v1,359.59999999962747,direct_match
