participant_code,batch_id,typing_order,control_wpm,control_cpm,control_accuracy,control_attempted_chars,control_first_key_latency_ms,masked_wpm,masked_cpm,masked_accuracy,masked_attempted_chars,masked_first_key_latency_ms,delta_wpm,delta_cpm,delta_accuracy,delta_attempted_chars,delta_first_key_latency_ms
P001,july,BAAB,21.9,109.5,0.9616487455197134,38,775.0500000000466,22.5,112.5,0.9739864864864864,38.5,791.2000000000698,0.6000000000000014,3.0,0.012337740966773092,0.5,16.150000000023283
P002,july,ABBA,18.0,90.0,1.0,30,478.7500000001164,16.8,84.0,1.0,28,547.5,-1.1999999999999993,-6.0,0.0,-2,68.74999999988358
P003,july,BAAB,23.4,117.0,1.0,39,475.29999999981374,20.7,103.5,0.9827586206896552,35,446.89999999990687,-2.6999999999999993,-13.5,-0.01724137931034475,-4,-28.399999999906868
P004,july,ABBA,17.1,85.5,0.890625,31.5,426.85000000009313,22.5,112.5,0.9356499356499356,39.5,619.0500000000466,5.399999999999999,27.0,0.045024935649935593,8.0,192.19999999995343
P005,july,BAAB,13.2,66.0,0.9377289377289377,23.5,351.60000000009313,16.5,82.5,0.964375,28.5,351.24999999976717,3.3000000000000007,16.5,0.026646062271062254,5.0,-0.3500000003259629
P006,july,ABBA,23.700000000000003,118.5,1.0,39.5,374.85000000009313,21.0,105.0,0.9216909216909217,38,327.69999999995343,-2.700000000000003,-13.5,-0.0783090783090783,-1.5,-47.1500000001397
P007,july,BAAB,21.6,108.0,1.0,36,1023.0,18.9,94.5,0.96875,32.5,894.9999999995343,-2.700000000000003,-13.5,-0.03125,-3.5,-128.00000000046566
P008,july,ABBA,15.3,76.5,1.0,25.5,1795.1499999999069,13.8,69.0,0.9782608695652174,23,563.0,-1.5,-7.5,-0.021739130434782594,-2.5,-1232.1499999999069
P009,july,BAAB,20.400000000000002,102.0,1.0,34,303.3000000002794,18.0,90.0,0.9848484848484849,30,335.04999999981374,-2.400000000000002,-12.0,-0.015151515151515138,-4,31.74999999953434
P010,july,ABBA,20.4,102.0,0.94375,36,958.6499999999069,21.6,108.0,0.9861111111111112,36.5,706.8000000002794,1.2000000000000028,6.0,0.04236111111111118,0.5,-251.84999999962747
P011,july,BAAB,18.300000000000004,91.5,1.0,30.5,547.0500000002794,17.1,85.5,0.8970588235294118,32,502.85000000009313,-1.2000000000000028,-6.0,-0.1029411764705882,1.5,-44.200000000186265
P012,july,ABBA,26.7,133.5,0.9897959183673469,45,479.1999999997206,25.2,126.0,0.9658730158730159,43.5,383.15000000037253,-1.5,-7.5,-0.023922902494331044,-1.5,-96.04999999934807
P013,july,BAAB,20.400000000000002,102.0,1.0,34,475.1499999994412,18.6,93.0,0.9666666666666667,32,303.39999999990687,-1.8000000000000007,-9.0,-0.033333333333333326,-2,-171.74999999953434
P014,july,ABBA,42.6,213.0,0.9863013698630136,71.5,355.35000000009313,47.1,235.5,0.9873084291187739,79.5,275.00000000046566,4.5,22.5,0.0010070592557602787,8.0,-80.34999999962747
P015,july,BAAB,14.399999999999999,72.0,0.9791666666666667,24,635.7499999990687,12.900000000000002,64.5,0.875,24,539.3499999996275,-1.4999999999999964,-7.5,-0.10416666666666674,0,-96.3999999994412
P016,july,ABBA,21.0,105.0,0.9871794871794872,35,499.29999999981374,14.399999999999999,72.0,0.9791666666666667,24.5,1655.5999999996275,-6.600000000000001,-33.0,-0.008012820512820484,-10.5,1156.2999999998137
P017,july,BAAB,24.299999999999997,121.5,1.0,40.5,343.20000000018626,20.400000000000002,102.0,0.984375,34,403.15000000037253,-3.899999999999995,-19.5,-0.015625,-6.5,59.950000000186265
P018,july,ABBA,14.4,72.0,1.0,24,2190.7000000001863,14.7,73.5,0.9606481481481481,25.5,799.3500000005588,0.29999999999999893,1.5,-0.03935185185185186,1.5,-1391.3499999996275
P019,july,BAAB,17.700000000000003,88.5,0.9516129032258065,31,859.5499999998137,15.600000000000001,78.0,0.868421052631579,28.5,1151.3500000005588,-2.1000000000000014,-10.5,-0.08319185059422751,-2.5,291.80000000074506
P020,july,BAAB,26.4,132.0,0.9150268336314848,47.5,331.45000000018626,30.000000000000004,150.0,0.9798975167520694,51,719.2000000011176,3.600000000000005,18.0,0.06487068312058453,3.5,387.7500000009313
P021,july,ABBA,15.3,76.5,0.9290450928381964,27.5,718.9000000003725,14.400000000000002,72.0,0.9597423510466989,25,1359.75,-0.8999999999999986,-4.5,0.030697258208502554,-2.5,640.8499999996275
P022,july,BAAB,23.400000000000002,117.0,0.9162971175166297,42.5,178.40000000037253,23.400000000000002,117.0,0.9736842105263158,39.5,1255.25,0.0,0.0,0.05738709300968614,-3.0,1076.8499999996275
P023,july,ABBA,17.1,85.5,0.890625,32,543.5,16.200000000000003,81.0,0.9470443349753694,28.5,443.0,-0.8999999999999986,-4.5,0.05641933497536944,-3.5,-100.5
P024,july,BAAB,14.400000000000002,72.0,0.9833333333333334,24.5,1439.5999999996275,14.400000000000002,72.0,0.8405172413793103,25.5,1114.5499999988824,0.0,0.0,-0.14281609195402312,1.0,-325.05000000074506
P025,july,ABBA,18.300000000000004,91.5,1.0,30.5,1535.4500000011176,12.9,64.5,0.875,24.5,1179.2999999988824,-5.400000000000004,-27.0,-0.125,-6.0,-356.1500000022352
P026,july,BAAB,24.299999999999997,121.5,0.9878048780487805,41,851.0500000007451,16.5,82.5,0.8413461538461537,31.5,1651.25,-7.799999999999997,-39.0,-0.14645872420262673,-9.5,800.1999999992549
P027,july,BAAB,24.9,124.5,0.9764412416851441,42.5,691.0,19.200000000000003,96.0,0.9090909090909091,35,1191.4500000011176,-5.699999999999996,-28.5,-0.06735033259423506,-7.5,500.4500000011176
P028,july,ABBA,19.8,99.0,1.0,33,1003.5,17.400000000000002,87.0,0.9814814814814815,29.5,2027.2000000011176,-2.3999999999999986,-12.0,-0.01851851851851849,-3.5,1023.7000000011176
P029,july,BAAB,18.0,90.0,1.0,30,1642.5499999988824,15.900000000000002,79.5,0.919631093544137,27.5,1175.5,-2.099999999999998,-10.5,-0.08036890645586303,-2.5,-467.0499999988824
P030,july,ABBA,16.8,84.0,0.9642857142857143,28.5,639.25,18.300000000000004,91.5,0.9525904203323559,32,927.2999999970198,1.5000000000000036,7.5,-0.011695293953358443,3.5,288.04999999701977
P031,july,ABBA,19.800000000000004,99.0,0.7367172675521821,48,547.2000000011176,19.200000000000003,96.0,0.8972153972153972,35,427.0499999988824,-0.6000000000000014,-3.0,0.16049812966321508,-13,-120.15000000223517
P032,july,ABBA,21.0,105.0,0.984375,35.5,431.1000000000349,22.200000000000003,111.0,0.986842105263158,37.5,483.20000000001164,1.2000000000000028,6.0,0.002467105263157965,2.0,52.09999999997672
P033,july,BAAB,23.7,118.5,0.9871794871794872,40,794.6500000000233,15.9,79.5,0.7878378378378379,33.5,419.3499999999767,-7.799999999999999,-39.0,-0.19934164934164933,-6.5,-375.30000000004657
P034,july,ABBA,14.4,72.0,0.8059440559440559,29.5,559.3000000000466,16.8,84.0,0.86875,31,467.4000000000233,2.4000000000000004,12.0,0.06280594405594409,1.5,-91.90000000002328
P035,july,BAAB,11.700000000000001,58.5,0.94,21,862.9500000000698,14.400000000000002,72.0,0.8888888888888888,24,530.9999999998836,2.700000000000001,13.5,-0.05111111111111111,3,-331.95000000018626
P036,july,ABBA,20.1,100.5,1.0,33.5,386.94999999995343,16.8,84.0,0.9696969696969697,29,1091.3999999999069,-3.3000000000000007,-16.5,-0.030303030303030276,-4.5,704.4499999999534
P037,july,BAAB,16.5,82.5,1.0,27.5,714.8999999999069,15.600000000000001,78.0,0.9807692307692308,26.5,534.5999999998603,-0.8999999999999986,-4.5,-0.019230769230769162,-1.0,-180.30000000004657
P038,july,ABBA,21.0,105.0,1.0,35,919.0,22.200000000000003,111.0,1.0,37,1111.0,1.2000000000000028,6.0,0.0,2,192.0
P039,july,ABBA,20.400000000000002,102.0,0.9117647058823529,36.5,715.25,18.0,90.0,0.8972222222222223,33,963.3000000002794,-2.400000000000002,-12.0,-0.014542483660130667,-3.5,248.0500000002794
P040,july,BAAB,35.7,178.5,0.9915254237288136,59.5,383.04999999981374,31.200000000000003,156.0,0.9910714285714286,52.5,550.9999999990687,-4.5,-22.5,-0.00045399515738497875,-7.0,167.94999999925494
P041,july,ABBA,14.4,72.0,1.0,24,563.0999999996275,18.6,93.0,1.0,31,595.1500000003725,4.200000000000001,21.0,0.0,7,32.05000000074506
P042,july,BAAB,22.200000000000003,111.0,1.0,37,1747.6500000003725,21.0,105.0,0.9722007722007722,36,1606.449999999255,-1.2000000000000028,-6.0,-0.027799227799227832,-1,-141.2000000011176
P043,july,ABBA,18.6,93.0,0.9833333333333334,31.5,595.1500000003725,18.0,90.0,0.9838709677419355,30.5,446.8999999994412,-0.6000000000000014,-3.0,0.0005376344086021057,-1.0,-148.25000000093132
P044,july,BAAB,22.5,112.5,1.0,37.5,1018.9000000003725,19.8,99.0,1.0,33,1295.199999999255,-2.6999999999999993,-13.5,0.0,-4.5,276.2999999988824
P045,july,ABBA,30.9,154.5,0.9905660377358491,52,838.9499999992549,24.6,123.0,0.975609756097561,42,1202.7000000001863,-6.299999999999997,-31.5,-0.014956281638288105,-10,363.7500000009313
P046,july,BAAB,12.899999999999999,64.5,1.0,21.5,718.5999999996275,12.600000000000001,63.0,0.9199999999999999,22,1243.3999999994412,-0.29999999999999716,-1.5,-0.08000000000000007,0.5,524.7999999998137
P047,july,ABBA,23.400000000000002,117.0,0.9888888888888889,39.5,355.34999999962747,25.799999999999997,129.0,0.9878048780487805,43.5,379.25,2.399999999999995,12.0,-0.0010840108401084514,4.0,23.90000000037253
P048,july,BAAB,31.5,157.5,0.9509869521579124,54.5,283.25,29.1,145.5,0.98,49.5,503.2000000011176,-2.3999999999999986,-12.0,0.02901304784208758,-5.0,219.9500000011176
P049,july,ABBA,22.799999999999997,114.0,0.9861111111111112,38.5,387.19999999925494,19.800000000000004,99.0,0.9428571428571428,35,1607.0999999996275,-2.999999999999993,-15.0,-0.04325396825396832,-3.5,1219.9000000003725
P050,july,BAAB,13.8,69.0,0.890625,26.5,1370.3499999996275,11.100000000000001,55.5,0.7708333333333333,24,1102.8999999994412,-2.6999999999999993,-13.5,-0.11979166666666674,-2.5,-267.45000000018626
P051,july,ABBA,21.9,109.5,0.9861111111111112,37,351.59999999869615,19.200000000000003,96.0,0.9833333333333334,32.5,647.3499999996275,-2.6999999999999957,-13.5,-0.002777777777777768,-4.5,295.7500000009313
P052,july,BAAB,18.300000000000004,91.5,1.0,30.5,1471.199999999255,17.1,85.5,1.0,28.5,1799.5499999988824,-1.2000000000000028,-6.0,0.0,-2.0,328.34999999962747
P053,july,ABBA,15.0,75.0,0.9464285714285714,25.5,327.65000000037253,13.5,67.5,0.9761904761904762,23,295.5,-1.5,-7.5,0.029761904761904767,-2.5,-32.15000000037253
P054,july,BAAB,23.1,115.5,1.0,38.5,743.6500000003725,23.4,117.0,1.0,39,791.6500000003725,0.29999999999999716,1.5,0.0,0.5,48.0
P055,july,ABBA,15.900000000000002,79.5,0.8490073145245559,31,471.44999999925494,16.5,82.5,0.9814814814814815,28,402.90000000037253,0.5999999999999979,3.0,0.1324741669569256,-3,-68.54999999888241
P056,july,BAAB,19.5,97.5,0.941722972972973,33,1107.2500000018626,21.300000000000004,106.5,1.0,35.5,1543.0999999996275,1.8000000000000043,9.0,0.05827702702702697,2.5,435.8499999977648
P057,sep08,ABBA,23.4,117.0,1.0,39,775.1000000000931,21.6,108.0,1.0,36,631.550000000163,-1.7999999999999972,-9.0,0.0,-3,-143.54999999993015
P058,sep08,BAAB,16.5,82.5,1.0,27.5,532.0,18.0,90.0,1.0,30,623.6000000000931,1.5,7.5,0.0,2.5,91.60000000009313
P059,sep08,ABBA,23.400000000000002,117.0,0.9746031746031746,39.5,343.55000000004657,24.9,124.5,0.9666666666666667,42,894.9499999999534,1.4999999999999964,7.5,-0.007936507936507908,2.5,551.3999999999069
P060,sep08,ABBA,21.6,108.0,0.984375,36.5,931.25,20.4,102.0,0.9714052287581699,35,515.2500000002328,-1.2000000000000028,-6.0,-0.012969771241830075,-1.5,-415.99999999976717
P061,sep08,BAAB,23.700000000000003,118.5,1.0,39.5,303.30000000004657,17.1,85.5,0.9660138248847927,29.5,487.4000000001397,-6.600000000000001,-33.0,-0.033986175115207296,-10.0,184.10000000009313
P062,sep08,ABBA,21.0,105.0,1.0,35,566.6000000000931,20.1,100.5,0.9390243902439024,33.5,743.0,-0.8999999999999986,-4.5,-0.060975609756097615,-1.5,176.39999999990687
P063,sep08,BAAB,19.200000000000003,96.0,0.9419913419913419,34,439.45000000018626,21.0,105.0,0.96875,36,2298.5,1.7999999999999972,9.0,0.026758658008658065,2,1859.0499999998137
P064,sep08,ABBA,20.700000000000003,103.5,0.9852941176470589,35,575.4999999995343,22.200000000000003,111.0,1.0,37,587.0,1.5,7.5,0.014705882352941124,2,11.500000000465661
P065,sep08,BAAB,20.400000000000002,102.0,1.0,34,754.8999999999069,16.8,84.0,0.965352449223417,29,1447.5,-3.6000000000000014,-18.0,-0.03464755077658299,-5,692.6000000000931
P066,sep10_12,ABBA,26.700000000000003,133.5,0.9772727272727273,45,570.5,23.1,115.5,0.9594594594594594,40,943.75,-3.6000000000000014,-18.0,-0.017813267813267863,-5,373.25
P067,sep10_12,BAAB,39.0,195.0,0.9848484848484849,66,298.9999999998836,32.7,163.5,1.0,54.5,362.70000000018626,-6.299999999999997,-31.5,0.015151515151515138,-11.5,63.70000000030268
P068,sep10_12,ABBA,20.700000000000003,103.5,0.8542875564152159,36.5,334.0999999998603,18.0,90.0,0.9536842105263158,31,849.9499999999534,-2.700000000000003,-13.5,0.09939665411109988,-5.5,515.8500000000931
P069,sep10_12,BAAB,24.6,123.0,0.9888888888888889,41.5,468.19999999995343,25.5,127.5,0.962972972972973,43,502.4000000001397,0.8999999999999986,4.5,-0.02591591591591591,1.5,34.200000000186265
P070,sep10_12,ABBA,21.0,105.0,1.0,35,431.55000000004657,19.8,99.0,0.9852941176470589,33.5,305.45000000018626,-1.1999999999999993,-6.0,-0.014705882352941124,-1.5,-126.0999999998603
P071,sep10_12,BAAB,23.4,117.0,0.986842105263158,39,267.19999999995343,19.8,99.0,0.970357454228422,33.5,829.5,-3.599999999999998,-18.0,-0.016484651034735953,-5.5,562.3000000000466
P072,sep10_12,ABBA,19.800000000000004,99.0,0.9857142857142858,33.5,582.9499999999534,21.0,105.0,0.9838709677419355,35.5,451.10000000009313,1.1999999999999957,6.0,-0.0018433179723502668,2.0,-131.8499999998603
P073,sep10_12,BAAB,39.3,196.5,0.9618055555555556,68,239.14999999990687,33.900000000000006,169.5,0.9925373134328358,57,282.99999999953434,-5.3999999999999915,-27.0,0.03073175787728022,-11,43.84999999962747
P074,sep10_12,ABBA,30.0,150.0,1.0,50,453.5500000002794,27.9,139.5,0.9891304347826086,46.5,473.1999999997206,-2.1000000000000014,-10.5,-0.010869565217391353,-3.5,19.649999999441206
P075,sep10_12,BAAB,18.0,90.0,0.9714285714285714,31,459.64999999990687,14.7,73.5,0.9814814814814815,24.5,705.3500000000931,-3.3000000000000007,-16.5,0.010052910052910091,-6.5,245.70000000018626
P076,sep10_12,ABBA,22.8,114.0,1.0,38,446.5500000002794,18.6,93.0,0.9373219373219372,33,609.5999999996275,-4.199999999999999,-21.0,-0.06267806267806275,-5,163.04999999934807
P077,sep10_12,BAAB,39.900000000000006,199.5,0.9929577464788732,67,399.2499999990687,34.2,171.0,0.9661016949152543,58.5,350.2999999988824,-5.700000000000003,-28.5,-0.02685605156361892,-8.5,-48.950000000186265
P078,sep10_12,ABBA,18.6,93.0,0.9684729064039409,31.5,1234.9500000001863,21.900000000000002,109.5,0.9743589743589743,36.5,310.2500000009313,3.3000000000000007,16.5,0.005886067955033436,5.0,-924.6999999992549
P079,sep10_12,BAAB,36.300000000000004,181.5,1.0,60.5,202.79999999981374,29.1,145.5,0.9595028067361668,50.5,466.84999999962747,-7.200000000000003,-36.0,-0.040497193263833164,-10.0,264.04999999981374
P080,sep10_12,ABBA,19.5,97.5,1.0,32.5,1174.3499999996275,18.0,90.0,0.9821428571428572,30.5,429.90000000037253,-1.5,-7.5,-0.017857142857142794,-2.0,-744.4499999992549
P081,sep10_12,BAAB,22.200000000000003,111.0,0.9878048780487805,37.5,956.4499999992549,20.700000000000003,103.5,1.0,34.5,611.7000000001863,-1.5,-7.5,0.012195121951219523,-3.0,-344.7499999990687
P082,sep10_12,ABBA,21.900000000000002,109.5,1.0,36.5,811.8999999994412,18.3,91.5,0.9696969696969697,31.5,1078.2999999998137,-3.6000000000000014,-18.0,-0.030303030303030276,-5.0,266.40000000037253
P083,sep10_12,BAAB,23.1,115.5,0.9736842105263158,39.5,346.25,18.900000000000002,94.5,0.8776061776061777,35.5,337.30000000074506,-4.199999999999999,-21.0,-0.09607803292013817,-4.0,-8.949999999254942
P084,sep10_12,ABBA,19.200000000000003,96.0,0.9848484848484849,32.5,445.0,14.700000000000001,73.5,0.9565217391304348,25.5,566.4000000003725,-4.500000000000002,-22.5,-0.02832674571805005,-7.0,121.40000000037253
P085,sep10_12,BAAB,32.1,160.5,0.9811320754716981,54.5,449.3500000005588,26.1,130.5,0.9463356973995272,46,245.30000000074506,-6.0,-30.0,-0.03479637807217095,-8.5,-204.04999999981374
P086,sep10_12,ABBA,25.800000000000004,129.0,1.0,43,307.1500000022352,23.7,118.5,1.0,39.5,302.55000000074506,-2.100000000000005,-10.5,0.0,-3.5,-4.600000001490116
P087,sep10_12,BAAB,21.6,108.0,0.9583333333333333,37,310.7999999988824,22.5,112.5,0.9871794871794872,38,910.8499999996275,0.8999999999999986,4.5,0.028846153846153966,1,600.0500000007451
P088,sep10_12,ABBA,18.6,93.0,1.0,31,404.0,19.200000000000003,96.0,1.0,32,1062.4000000003725,0.6000000000000014,3.0,0.0,1,658.4000000003725
P089,sep10_12,BAAB,28.8,144.0,1.0,48,322.84999999962747,32.7,163.5,0.9633647798742138,56.5,347.44999999925494,3.900000000000002,19.5,-0.03663522012578624,8.5,24.59999999962747
P090,sep10_12,ABBA,18.900000000000002,94.5,1.0,31.5,695.3000000007451,18.6,93.0,0.9544592030360531,32.5,353.2000000011176,-0.3000000000000007,-1.5,-0.04554079696394686,1.0,-342.09999999962747
P091,sep10_12,BAAB,36.6,183.0,0.9516089412920659,63.5,430.3500000014901,36.3,181.5,0.9912280701754386,61,454.84999999962747,-0.30000000000000426,-1.5,0.03961912888337271,-2.5,24.499999998137355
P092,sep10_12,ABBA,30.6,153.0,0.9533045977011494,52.5,361.59999999962747,24.300000000000004,121.5,0.9526198439241917,42.5,411.59999999962747,-6.299999999999997,-31.5,-0.0006847537769576473,-10.0,50.0
P093,sep10_12,BAAB,21.3,106.5,1.0,35.5,516.8000000007451,18.6,93.0,0.9684729064039409,32,595.75,-2.6999999999999993,-13.5,-0.0315270935960591,-3.5,78.94999999925494
P094,sep10_12,ABBA,21.3,106.5,0.9464285714285714,37.5,357.75,23.700000000000003,118.5,0.9878048780487805,40,314.80000000074506,2.400000000000002,12.0,0.04137630662020908,2.5,-42.94999999925494
P095,sep10_12,BAAB,21.300000000000004,106.5,1.0,35.5,1442.8000000000175,20.4,102.0,0.9575396825396825,35.5,1545.600000000035,-0.9000000000000057,-4.5,-0.04246031746031753,0.0,102.80000000001746
P096,sep10_12,ABBA,16.200000000000003,81.0,1.0,27,669.7000000000698,13.8,69.0,0.9782608695652174,23.5,413.55000000004657,-2.400000000000002,-12.0,-0.021739130434782594,-3.5,-256.1500000000233
P097,sep10_12,BAAB,20.1,100.5,1.0,33.5,518.6000000000931,20.400000000000002,102.0,0.9864864864864865,34.5,613.3000000000466,0.3000000000000007,1.5,-0.013513513513513487,1.0,94.69999999995343
P098,sep10_12,ABBA,21.3,106.5,0.9852941176470589,36,1072.9500000000698,22.8,114.0,0.95,39,627.3499999998603,1.5,7.5,-0.03529411764705892,3,-445.60000000020955
P099,sep10_12,BAAB,28.2,141.0,0.9591666666666667,49,637.3000000000466,23.1,115.5,0.9741830065359477,39.5,116.3499999998603,-5.099999999999998,-25.5,0.01501633986928097,-9.5,-520.9500000001863
P100,sep10_12,ABBA,24.9,124.5,0.9318181818181819,43.5,273.9499999997206,26.1,130.5,0.9875,44,261.0,1.2000000000000028,6.0,0.055681818181818166,0.5,-12.949999999720603
P101,sep10_12,BAAB,18.300000000000004,91.5,0.9857142857142858,31,702.75,21.9,109.5,1.0,36.5,545.4000000001397,3.5999999999999943,18.0,0.014285714285714235,5.5,-157.3499999998603
P102,sep10_12,ABBA,44.1,220.5,0.9865717375630858,73.5,365.75,44.10000000000001,220.5,0.9928571428571429,74,274.9000000001397,7.105427357601002e-15,0.0,0.006285405294057078,0.5,-90.8499999998603
P103,sep10_12,BAAB,18.300000000000004,91.5,0.9848484848484849,30.5,389.44999999995343,16.5,82.5,1.0,27.5,375.69999999995343,-1.8000000000000043,-9.0,0.015151515151515138,-3.0,-13.75
P104,sep10_12,ABBA,35.1,175.5,0.9737891737891738,59.5,382.65000000037253,32.7,163.5,0.9901960784313726,55,379.54999999981374,-2.3999999999999986,-12.0,0.01640690464219874,-4.5,-3.1000000005587935
P105,sep10_12,BAAB,18.900000000000002,94.5,1.0,31.5,1074.4500000001863,15.0,75.0,0.9166666666666667,27.5,606.4499999997206,-3.900000000000002,-19.5,-0.08333333333333326,-4.0,-468.00000000046566
P106,sep10_12,ABBA,28.800000000000004,144.0,0.9350446428571428,49,333.84999999962747,29.700000000000003,148.5,0.9690058479532164,50.5,420.79999999981374,0.8999999999999986,4.5,0.03396120509607359,1.5,86.95000000018626
